date,date,OPEN,HIGH,LOW,CLOSE,VOLUME
2017-12-21,2017-12-21,1.0700000524520874,1.1799999475479126,1.4880000352859497,1.0149999856948853,2232300.0
2017-12-22,2017-12-22,1.4199999570846558,1.090000033378601,1.600000023841858,1.0750000476837158,3746100.0
2017-12-26,2017-12-26,14.390000343322754,14.010000228881836,15.899999618530273,13.720000267028809,1642400.0
2017-12-27,2017-12-27,13.529999732971191,14.5,14.850000381469727,13.3100004196167,450200.0
2017-12-28,2017-12-28,12.630000114440918,13.470000267028809,13.64900016784668,12.5600004196167,359900.0
2017-12-29,2017-12-29,13.899999618530273,12.630000114440918,14.300000190734863,12.5,581800.0
2018-01-02,2018-01-02,17.290000915527344,14.140000343322754,17.700000762939453,14.0,4460900.0
2018-01-03,2018-01-03,15.390000343322754,18.290000915527344,18.290000915527344,15.119999885559082,1419800.0
2018-01-04,2018-01-04,14.739999771118164,15.609999656677246,15.692999839782715,14.399999618530273,990100.0
2018-01-05,2018-01-05,14.640000343322754,14.5,15.420000076293945,14.109999656677246,970000.0
2018-01-08,2018-01-08,14.329999923706055,15.850000381469727,15.850000381469727,14.210000038146973,691800.0
2018-01-09,2018-01-09,14.9399995803833,14.609999656677246,15.180000305175781,14.359999656677246,299500.0
2018-01-10,2018-01-10,14.5,14.819999694824219,14.819999694824219,14.359999656677246,247300.0
2018-01-11,2018-01-11,14.170000076293945,14.510000228881836,14.90999984741211,14.119999885559082,599100.0
2018-01-12,2018-01-12,13.890000343322754,14.180000305175781,14.4399995803833,13.510000228881836,508800.0
2018-01-16,2018-01-16,14.279999732971191,15.0,15.0,13.979999542236328,1122500.0
2018-01-17,2018-01-17,14.25,14.470000267028809,14.513999938964844,14.0600004196167,235200.0
2018-01-18,2018-01-18,14.4399995803833,14.25,14.680000305175781,14.199999809265137,162300.0
2018-01-19,2018-01-19,14.5,14.600000381469727,14.600000381469727,14.279999732971191,197000.0
2018-01-22,2018-01-22,14.149999618530273,14.4399995803833,14.689000129699707,14.100000381469727,194500.0
2018-01-23,2018-01-23,15.529999732971191,14.239999771118164,15.979999542236328,14.199999809265137,925200.0
2018-01-24,2018-01-24,15.989999771118164,15.779999732971191,16.3799991607666,15.420000076293945,1156100.0
2018-01-25,2018-01-25,16.420000076293945,16.0,16.5,15.640000343322754,654400.0
2018-01-26,2018-01-26,16.469999313354492,16.559999465942383,17.200000762939453,15.90999984741211,459400.0
2018-01-29,2018-01-29,16.18000030517578,16.459999084472656,16.93000030517578,15.989999771118164,233800.0
2018-01-30,2018-01-30,15.8100004196167,16.170000076293945,16.170000076293945,15.630000114440918,282900.0
2018-01-31,2018-01-31,15.829999923706055,15.960000038146973,16.489999771118164,15.5,238100.0
2018-02-01,2018-02-01,15.869999885559082,15.800000190734863,16.0,15.449999809265137,243000.0
2018-02-02,2018-02-02,14.800000190734863,15.739999771118164,15.817999839782715,14.6899995803833,398300.0
2018-02-05,2018-02-05,13.989999771118164,14.5,14.600000381469727,13.899999618530273,421900.0
2018-02-06,2018-02-06,13.949999809265137,13.5,15.350000381469727,13.5,446100.0
2018-02-07,2018-02-07,14.399999618530273,14.0,14.920000076293945,14.0,272400.0
2018-02-08,2018-02-08,14.09000015258789,14.479999542236328,14.779999732971191,14.010000228881836,257600.0
2018-02-09,2018-02-09,13.609999656677246,14.0,14.109999656677246,13.510000228881836,273200.0
2018-02-12,2018-02-12,14.149999618530273,14.0,14.470000267028809,14.0,125100.0
2018-02-13,2018-02-13,14.600000381469727,14.079999923706055,14.654999732971191,13.649999618530273,47700.0
2018-02-14,2018-02-14,14.880000114440918,14.829999923706055,14.989999771118164,14.5600004196167,112000.0
2018-02-15,2018-02-15,15.0,15.119999885559082,15.1899995803833,14.890000343322754,80900.0
2018-02-16,2018-02-16,15.130000114440918,14.899999618530273,15.130000114440918,14.880000114440918,19000.0
2018-02-20,2018-02-20,15.279999732971191,14.890000343322754,15.470000267028809,14.880000114440918,18800.0
2018-02-21,2018-02-21,15.399999618530273,15.329999923706055,15.949999809265137,15.300000190734863,73100.0
2018-02-22,2018-02-22,15.149999618530273,15.359999656677246,15.520000457763672,15.020000457763672,46200.0
2018-02-23,2018-02-23,15.579999923706055,15.220000267028809,15.619999885559082,15.100000381469727,117100.0
2018-02-26,2018-02-26,15.59000015258789,15.619999885559082,15.949999809265137,15.395000457763672,21400.0
2018-02-27,2018-02-27,15.069999694824219,15.59000015258789,15.600000381469727,14.861000061035156,85500.0
2018-02-28,2018-02-28,14.819999694824219,15.0600004196167,15.170000076293945,14.300000190734863,64300.0
2018-03-01,2018-03-01,14.399999618530273,14.819999694824219,14.819999694824219,14.199999809265137,121700.0
2018-03-02,2018-03-02,14.890000343322754,14.399999618530273,14.890000343322754,14.199999809265137,145400.0
2018-03-05,2018-03-05,15.229999542236328,14.329999923706055,15.34000015258789,14.222999572753906,112500.0
2018-03-06,2018-03-06,15.579999923706055,15.430000305175781,15.65999984741211,14.600000381469727,59800.0
2018-03-07,2018-03-07,15.350000381469727,15.4399995803833,15.630000114440918,15.220000267028809,46200.0
2018-03-08,2018-03-08,16.0,15.489999771118164,16.399999618530273,15.489999771118164,221900.0
2018-03-09,2018-03-09,19.09000015258789,16.200000762939453,19.329999923706055,16.030000686645508,897900.0
2018-03-12,2018-03-12,18.84000015258789,18.5,20.0,18.049999237060547,1224600.0
2018-03-13,2018-03-13,17.639999389648438,18.989999771118164,18.989999771118164,17.299999237060547,716700.0
2018-03-14,2018-03-14,17.110000610351562,17.540000915527344,17.809999465942383,16.829999923706055,412900.0
2018-03-15,2018-03-15,16.43000030517578,17.049999237060547,18.600000381469727,16.110000610351562,618300.0
2018-03-16,2018-03-16,17.329999923706055,16.56999969482422,17.409000396728516,15.920000076293945,524100.0
2018-03-19,2018-03-19,18.25,17.979999542236328,18.43000030517578,17.5,1155000.0
2018-03-20,2018-03-20,15.979999542236328,18.0,18.0,15.289999961853027,1461300.0
2018-03-21,2018-03-21,15.720000267028809,16.020000457763672,16.059999465942383,15.25,416300.0
2018-03-22,2018-03-22,14.699999809265137,15.75,16.139999389648438,14.680000305175781,450900.0
2018-03-23,2018-03-23,14.199999809265137,14.670000076293945,14.680000305175781,14.15999984741211,303900.0
2018-03-26,2018-03-26,14.630000114440918,14.760000228881836,14.916000366210938,14.5,233800.0
2018-03-27,2018-03-27,14.670000076293945,14.789999961853027,14.880000114440918,14.260000228881836,224500.0
2018-03-28,2018-03-28,14.59000015258789,14.510000228881836,14.710000038146973,14.350000381469727,203300.0
2018-03-29,2018-03-29,14.5,14.600000381469727,14.6899995803833,14.385000228881836,361700.0
2018-04-02,2018-04-02,13.319999694824219,14.380000114440918,14.59000015258789,12.600000381469727,840900.0
2018-04-03,2018-04-03,13.039999961853027,13.449999809265137,13.640000343322754,13.029999732971191,96400.0
2018-04-04,2018-04-04,12.9399995803833,12.850000381469727,13.0,12.210000038146973,429600.0
2018-04-05,2018-04-05,12.649999618530273,13.079999923706055,13.289999961853027,12.600000381469727,135500.0
2018-04-06,2018-04-06,12.029999732971191,12.4399995803833,12.666000366210938,11.979999542236328,214400.0
2018-04-09,2018-04-09,13.0600004196167,12.180000305175781,13.444999694824219,12.029999732971191,346200.0
2018-04-10,2018-04-10,13.319999694824219,13.380000114440918,13.760000228881836,13.140000343322754,171900.0
2018-04-11,2018-04-11,13.739999771118164,13.229999542236328,13.949999809265137,13.0,121500.0
2018-04-12,2018-04-12,13.34000015258789,13.699999809265137,14.043999671936035,13.199999809265137,190100.0
2018-04-13,2018-04-13,13.279999732971191,13.399999618530273,13.803000450134277,13.199999809265137,79300.0
2018-04-16,2018-04-16,13.579999923706055,13.359999656677246,13.859999656677246,13.244999885559082,241100.0
2018-04-17,2018-04-17,13.800000190734863,13.579999923706055,14.199999809265137,13.40999984741211,325200.0
2018-04-18,2018-04-18,16.079999923706055,15.180000305175781,16.239999771118164,14.489999771118164,1584900.0
2018-04-19,2018-04-19,16.479999542236328,16.420000076293945,16.56999969482422,15.880000114440918,846500.0
2018-04-20,2018-04-20,15.420000076293945,16.56999969482422,16.59000015258789,15.149999618530273,352600.0
2018-04-23,2018-04-23,16.229999542236328,15.640000343322754,16.25,15.420000076293945,198700.0
2018-04-24,2018-04-24,15.760000228881836,16.350000381469727,16.799999237060547,15.529999732971191,307500.0
2018-04-25,2018-04-25,15.5600004196167,16.0,16.0,15.050000190734863,133300.0
2018-04-26,2018-04-26,15.619999885559082,15.579999923706055,16.139999389648438,15.489999771118164,117000.0
2018-04-27,2018-04-27,16.459999084472656,15.970000267028809,16.639999389648438,15.904999732971191,243200.0
2018-04-30,2018-04-30,16.329999923706055,16.760000228881836,16.760000228881836,16.149999618530273,105500.0
2018-05-01,2018-05-01,16.5,16.459999084472656,16.65999984741211,16.350000381469727,79900.0
2018-05-02,2018-05-02,17.100000381469727,16.700000762939453,17.600000381469727,16.600000381469727,608300.0
2018-05-03,2018-05-03,15.890000343322754,17.200000762939453,17.479999542236328,15.630000114440918,599800.0
2018-05-04,2018-05-04,16.5,15.899999618530273,16.700000762939453,15.579999923706055,305100.0
2018-05-07,2018-05-07,17.030000686645508,17.06999969482422,17.350000381469727,16.780000686645508,256400.0
2018-05-08,2018-05-08,17.239999771118164,17.360000610351562,17.360000610351562,17.040000915527344,214700.0
2018-05-09,2018-05-09,16.709999084472656,17.25,17.5,16.68899917602539,170400.0
2018-05-10,2018-05-10,17.0,16.950000762939453,17.0,16.5,238400.0
2018-05-11,2018-05-11,16.770000457763672,17.0,17.3700008392334,16.739999771118164,126100.0
2018-05-14,2018-05-14,16.350000381469727,17.0,17.0,16.299999237060547,161300.0
2018-05-15,2018-05-15,16.729999542236328,16.489999771118164,16.729999542236328,16.299999237060547,149000.0
2018-05-16,2018-05-16,16.969999313354492,16.860000610351562,17.049999237060547,16.420000076293945,458500.0
2018-05-17,2018-05-17,16.690000534057617,16.959999084472656,17.049999237060547,16.329999923706055,272300.0
2018-05-18,2018-05-18,18.229999542236328,16.770000457763672,18.34000015258789,16.760000228881836,1182000.0
2018-05-21,2018-05-21,16.809999465942383,17.229999542236328,18.211000442504883,16.3700008392334,777100.0
2018-05-22,2018-05-22,16.790000915527344,16.8799991607666,17.25,16.75,287900.0
2018-05-23,2018-05-23,16.579999923706055,17.020000457763672,17.020000457763672,16.540000915527344,379500.0
2018-05-24,2018-05-24,14.869999885559082,16.600000381469727,16.701000213623047,14.5,704700.0
2018-05-25,2018-05-25,15.039999961853027,14.880000114440918,15.109999656677246,14.680000305175781,233600.0
2018-05-29,2018-05-29,14.430000305175781,14.869999885559082,15.010000228881836,14.079999923706055,294900.0
2018-05-30,2018-05-30,14.319999694824219,14.510000228881836,14.600000381469727,14.029999732971191,239100.0
2018-05-31,2018-05-31,15.619999885559082,14.300000190734863,15.760000228881836,14.274999618530273,421100.0
2018-06-01,2018-06-01,15.0600004196167,15.670000076293945,16.020000457763672,15.0600004196167,255700.0
2018-06-04,2018-06-04,15.609999656677246,15.170000076293945,15.680000305175781,14.819999694824219,453900.0
2018-06-05,2018-06-05,15.420000076293945,15.8100004196167,15.8100004196167,15.029999732971191,141600.0
2018-06-06,2018-06-06,14.619999885559082,15.4399995803833,15.524999618530273,14.5600004196167,234500.0
2018-06-07,2018-06-07,14.9399995803833,14.420000076293945,15.210000038146973,14.359999656677246,203100.0
2018-06-08,2018-06-08,15.9399995803833,14.800000190734863,15.970000267028809,14.710000038146973,327000.0
2018-06-11,2018-06-11,15.619999885559082,15.930000305175781,15.949999809265137,15.279999732971191,187100.0
2018-06-12,2018-06-12,15.90999984741211,15.510000228881836,16.0,15.449999809265137,371400.0
2018-06-13,2018-06-13,15.470000267028809,16.020000457763672,16.799999237060547,15.180000305175781,1192400.0
2018-06-14,2018-06-14,15.529999732971191,15.399999618530273,15.979999542236328,14.90999984741211,500800.0
2018-06-15,2018-06-15,16.43000030517578,15.579999923706055,16.5,14.819999694824219,460200.0
2018-06-18,2018-06-18,17.09000015258789,16.639999389648438,17.170000076293945,16.18899917602539,362500.0
2018-06-19,2018-06-19,15.680000305175781,16.84000015258789,17.389999389648438,15.529999732971191,545800.0
2018-06-20,2018-06-20,15.0600004196167,15.899999618530273,16.09000015258789,15.050000190734863,329100.0
2018-06-21,2018-06-21,15.029999732971191,15.180000305175781,15.600000381469727,14.949999809265137,169200.0
2018-06-22,2018-06-22,14.920000076293945,15.0,15.100000381469727,14.770000457763672,252800.0
2018-06-25,2018-06-25,14.4399995803833,14.800000190734863,14.949999809265137,14.369999885559082,283500.0
2018-06-26,2018-06-26,14.229999542236328,14.180000305175781,14.399999618530273,13.989999771118164,410500.0
2018-06-27,2018-06-27,12.899999618530273,14.100000381469727,14.300000190734863,12.65999984741211,676100.0
2018-06-28,2018-06-28,12.149999618530273,12.75,13.005000114440918,12.149999618530273,434700.0
2018-06-29,2018-06-29,12.25,12.300000190734863,12.5,12.1899995803833,327500.0
2018-07-02,2018-07-02,12.210000038146973,12.210000038146973,12.40999984741211,12.010000228881836,183200.0
2018-07-03,2018-07-03,12.170000076293945,12.25,12.699999809265137,12.149999618530273,114500.0
2018-07-05,2018-07-05,12.489999771118164,12.25,12.656999588012695,12.130000114440918,246600.0
2018-07-06,2018-07-06,12.420000076293945,12.5600004196167,12.795000076293945,12.199999809265137,348400.0
2018-07-09,2018-07-09,11.890000343322754,12.420000076293945,12.479999542236328,11.067000389099121,784700.0
2018-07-10,2018-07-10,11.65999984741211,11.960000038146973,12.25,11.569999694824219,428700.0
2018-07-11,2018-07-11,10.960000038146973,11.40999984741211,11.779999732971191,10.850000381469727,860500.0
2018-07-12,2018-07-12,11.84000015258789,11.149999618530273,12.220000267028809,11.149999618530273,490200.0
2018-07-13,2018-07-13,11.029999732971191,11.850000381469727,12.057000160217285,10.880000114440918,436100.0
2018-07-16,2018-07-16,11.289999961853027,11.210000038146973,11.420000076293945,11.029999732971191,220500.0
2018-07-17,2018-07-17,11.1899995803833,11.25,11.460000038146973,11.0,268800.0
2018-07-18,2018-07-18,11.5,11.430000305175781,11.649999618530273,11.15999984741211,310900.0
2018-07-19,2018-07-19,10.880000114440918,11.119999885559082,11.350000381469727,10.720000267028809,484900.0
2018-07-20,2018-07-20,10.300000190734863,10.880000114440918,10.920000076293945,10.199999809265137,438800.0
2018-07-23,2018-07-23,11.449999809265137,10.279999732971191,11.800000190734863,10.140000343322754,588000.0
2018-07-24,2018-07-24,11.619999885559082,11.670000076293945,12.359999656677246,11.5,513800.0
2018-07-25,2018-07-25,12.670000076293945,12.0,12.6899995803833,12.0,626700.0
2018-07-26,2018-07-26,12.529999732971191,12.6899995803833,13.130000114440918,12.26099967956543,354300.0
2018-07-27,2018-07-27,12.84000015258789,12.529999732971191,13.0,12.529999732971191,212800.0
2018-07-30,2018-07-30,12.289999961853027,12.779999732971191,12.930999755859375,12.01099967956543,375300.0
2018-07-31,2018-07-31,12.75,12.430000305175781,12.930000305175781,12.211000442504883,176300.0
2018-08-01,2018-08-01,12.229999542236328,12.5,12.760000228881836,12.09000015258789,198800.0
2018-08-02,2018-08-02,12.199999809265137,12.0600004196167,12.199999809265137,12.0,331300.0
2018-08-03,2018-08-03,12.25,12.25,12.75,12.100000381469727,477500.0
2018-08-06,2018-08-06,12.40999984741211,12.350000381469727,12.479999542236328,12.149999618530273,268100.0
2018-08-07,2018-08-07,12.770000457763672,12.479999542236328,12.899999618530273,12.15999984741211,300500.0
2018-08-08,2018-08-08,12.520000457763672,12.710000038146973,12.800000190734863,12.279999732971191,198900.0
2018-08-09,2018-08-09,12.720000267028809,12.479999542236328,12.880000114440918,12.399999618530273,256500.0
2018-08-10,2018-08-10,12.4399995803833,12.699999809265137,12.699999809265137,12.3100004196167,160800.0
2018-08-13,2018-08-13,10.579999923706055,12.399999618530273,12.420000076293945,10.449999809265137,746100.0
2018-08-14,2018-08-14,10.420000076293945,10.600000381469727,10.850000381469727,9.550000190734863,923200.0
2018-08-15,2018-08-15,9.979999542236328,10.180000305175781,10.380000114440918,9.630000114440918,347400.0
2018-08-16,2018-08-16,10.0,10.050000190734863,10.22700023651123,9.850000381469727,213100.0
2018-08-17,2018-08-17,11.100000381469727,10.079999923706055,11.180000305175781,9.930000305175781,253900.0
2018-08-20,2018-08-20,11.25,11.199999809265137,11.630000114440918,10.699999809265137,370300.0
2018-08-21,2018-08-21,10.989999771118164,11.579999923706055,11.579999923706055,10.800000190734863,319900.0
2018-08-22,2018-08-22,11.15999984741211,11.119999885559082,11.289999961853027,11.039999961853027,440000.0
2018-08-23,2018-08-23,12.84000015258789,12.739999771118164,14.229999542236328,12.399999618530273,4840200.0
2018-08-24,2018-08-24,13.0,13.130000114440918,13.199999809265137,12.420000076293945,1014600.0
2018-08-27,2018-08-27,11.850000381469727,12.720000267028809,12.800000190734863,11.829999923706055,686800.0
2018-08-28,2018-08-28,12.1899995803833,11.600000381469727,12.378999710083008,11.300000190734863,472200.0
2018-08-29,2018-08-29,12.539999961853027,12.15999984741211,12.770000457763672,12.029999732971191,377200.0
2018-08-30,2018-08-30,12.010000228881836,12.329999923706055,12.479999542236328,12.0,260800.0
2018-08-31,2018-08-31,11.859999656677246,11.899999618530273,11.970000267028809,11.699999809265137,214800.0
2018-09-04,2018-09-04,11.600000381469727,11.609999656677246,11.680000305175781,11.550999641418457,254000.0
2018-09-05,2018-09-05,11.119999885559082,11.489999771118164,11.5,11.079999923706055,486700.0
2018-09-06,2018-09-06,10.640000343322754,11.0,11.21500015258789,10.5,274200.0
2018-09-07,2018-09-07,10.119999885559082,10.539999961853027,10.789999961853027,10.109999656677246,382500.0
2018-09-10,2018-09-10,9.8100004196167,10.020000457763672,10.20300006866455,9.619999885559082,362200.0
2018-09-11,2018-09-11,10.3100004196167,9.819999694824219,10.380000114440918,9.699999809265137,156800.0
2018-09-12,2018-09-12,10.5,10.239999771118164,10.5,9.960000038146973,291600.0
2018-09-13,2018-09-13,10.1899995803833,10.300000190734863,10.300000190734863,10.0649995803833,729700.0
2018-09-14,2018-09-14,9.90999984741211,10.199999809265137,10.300000190734863,9.680000305175781,564100.0
2018-09-17,2018-09-17,9.949999809265137,9.880000114440918,10.199999809265137,9.869999885559082,162900.0
2018-09-18,2018-09-18,9.979999542236328,9.989999771118164,10.050000190734863,9.949999809265137,179400.0
2018-09-19,2018-09-19,10.149999618530273,10.0,10.15999984741211,9.949999809265137,287200.0
2018-09-20,2018-09-20,10.050000190734863,10.180000305175781,10.279999732971191,9.859999656677246,779400.0
2018-09-21,2018-09-21,10.369999885559082,10.199999809265137,10.449999809265137,10.069999694824219,1834600.0
2018-09-24,2018-09-24,10.430000305175781,10.180000305175781,10.5,9.960000038146973,627300.0
2018-09-25,2018-09-25,10.119999885559082,10.300000190734863,10.390000343322754,10.069999694824219,156300.0
2018-09-26,2018-09-26,10.0600004196167,10.050000190734863,10.1899995803833,9.960000038146973,448000.0
2018-09-27,2018-09-27,10.010000228881836,10.100000381469727,10.130000114440918,9.989999771118164,477200.0
2018-09-28,2018-09-28,9.930000305175781,9.979999542236328,10.199999809265137,9.920000076293945,278500.0
2018-10-01,2018-10-01,9.850000381469727,10.079999923706055,10.130000114440918,9.800000190734863,99500.0
2018-10-02,2018-10-02,9.520000457763672,9.880000114440918,9.90999984741211,9.111000061035156,501600.0
2018-10-03,2018-10-03,9.579999923706055,9.550000190734863,9.789999961853027,9.369999885559082,245300.0
2018-10-04,2018-10-04,9.430000305175781,9.5,9.579999923706055,9.295000076293945,484300.0
2018-10-05,2018-10-05,9.770000457763672,9.399999618530273,9.949999809265137,9.399999618530273,210600.0
2018-10-08,2018-10-08,9.880000114440918,9.630000114440918,9.989999771118164,9.5,201300.0
2018-10-09,2018-10-09,10.100000381469727,9.84000015258789,10.199999809265137,9.84000015258789,172500.0
2018-10-10,2018-10-10,9.8100004196167,10.100000381469727,10.109999656677246,9.770000457763672,231100.0
2018-10-11,2018-10-11,9.579999923706055,9.609999656677246,9.8100004196167,9.460000038146973,126700.0
2018-10-12,2018-10-12,9.289999961853027,9.680000305175781,9.90999984741211,9.210000038146973,407300.0
2018-10-15,2018-10-15,9.420000076293945,9.260000228881836,9.630000114440918,9.149999618530273,173700.0
2018-10-16,2018-10-16,9.829999923706055,9.399999618530273,9.890000343322754,9.319999694824219,169200.0
2018-10-17,2018-10-17,9.779999732971191,9.829999923706055,9.869999885559082,9.449999809265137,190400.0
2018-10-18,2018-10-18,9.369999885559082,9.65999984741211,9.753000259399414,9.350000381469727,252800.0
2018-10-19,2018-10-19,9.470000267028809,9.380000114440918,9.75,9.380000114440918,136000.0
2018-10-22,2018-10-22,10.289999961853027,9.800000190734863,10.399999618530273,9.75,333600.0
2018-10-23,2018-10-23,9.75,9.710000038146973,9.850000381469727,9.399999618530273,512100.0
2018-10-24,2018-10-24,9.550000190734863,9.720000267028809,9.720000267028809,9.489999771118164,187300.0
2018-10-25,2018-10-25,9.949999809265137,9.579999923706055,10.020000457763672,9.5600004196167,123100.0
2018-10-26,2018-10-26,9.489999771118164,9.890000343322754,9.979999542236328,9.430000305175781,500500.0
2018-10-29,2018-10-29,9.279999732971191,9.600000381469727,9.760000228881836,9.130000114440918,546400.0
2018-10-30,2018-10-30,9.380000114440918,9.300000190734863,9.461000442504883,9.170000076293945,97700.0
2018-10-31,2018-10-31,9.779999732971191,9.399999618530273,9.819999694824219,9.34000015258789,236300.0
2018-11-01,2018-11-01,10.550000190734863,9.75,10.6899995803833,9.649999618530273,491500.0
2018-11-02,2018-11-02,10.0,10.59000015258789,10.880000114440918,10.0,609200.0
2018-11-05,2018-11-05,10.180000305175781,10.100000381469727,10.380000114440918,9.899999618530273,230200.0
2018-11-06,2018-11-06,9.609999656677246,10.180000305175781,10.210000038146973,9.470000267028809,649000.0
2018-11-07,2018-11-07,10.010000228881836,9.65999984741211,10.199999809265137,9.645000457763672,411100.0
2018-11-08,2018-11-08,9.569999694824219,9.949999809265137,9.949999809265137,9.380000114440918,220900.0
2018-11-09,2018-11-09,9.680000305175781,9.609999656677246,9.869999885559082,9.40999984741211,186400.0
2018-11-12,2018-11-12,9.869999885559082,9.729999542236328,10.062999725341797,9.710000038146973,207800.0
2018-11-13,2018-11-13,10.170000076293945,9.899999618530273,10.270000457763672,9.770000457763672,554500.0
2018-11-14,2018-11-14,10.300000190734863,10.920000076293945,11.079999923706055,9.600000381469727,1691900.0
2018-11-15,2018-11-15,10.050000190734863,10.140000343322754,10.15999984741211,9.90999984741211,448800.0
2018-11-16,2018-11-16,10.050000190734863,9.920000076293945,10.050000190734863,9.869999885559082,277400.0
2018-11-19,2018-11-19,9.899999618530273,10.0,10.0,9.760000228881836,301500.0
2018-11-20,2018-11-20,9.550000190734863,9.649999618530273,9.899999618530273,9.449999809265137,364700.0
2018-11-21,2018-11-21,9.65999984741211,9.600000381469727,10.0,9.600000381469727,359400.0
2018-11-23,2018-11-23,9.869999885559082,9.65999984741211,10.0,9.59000015258789,279800.0
2018-11-26,2018-11-26,9.619999885559082,10.0,10.020000457763672,9.600000381469727,240000.0
2018-11-27,2018-11-27,9.529999732971191,9.550000190734863,9.729999542236328,9.460000038146973,272000.0
2018-11-28,2018-11-28,9.649999618530273,9.619999885559082,9.739999771118164,9.529999732971191,155900.0
2018-11-29,2018-11-29,9.329999923706055,9.65999984741211,9.6899995803833,9.15999984741211,367200.0
2018-11-30,2018-11-30,9.510000228881836,9.3100004196167,9.550000190734863,9.270000457763672,86900.0
2018-12-03,2018-12-03,9.630000114440918,9.520000457763672,9.859999656677246,9.359999656677246,282000.0
2018-12-04,2018-12-04,9.260000228881836,9.460000038146973,9.600000381469727,9.25,216800.0
2018-12-06,2018-12-06,8.869999885559082,9.100000381469727,9.239999771118164,8.5600004196167,479700.0
2018-12-07,2018-12-07,8.09000015258789,8.829999923706055,8.829999923706055,8.0600004196167,500800.0
2018-12-10,2018-12-10,7.53000020980835,7.989999771118164,7.989999771118164,7.300000190734863,892200.0
2018-12-11,2018-12-11,6.619999885559082,7.539999961853027,7.599999904632568,6.480000019073486,914700.0
2018-12-12,2018-12-12,8.350000381469727,7.119999885559082,8.5,7.039999961853027,1329100.0
2018-12-13,2018-12-13,8.329999923706055,8.399999618530273,8.800000190734863,8.199999809265137,967800.0
2018-12-14,2018-12-14,8.640000343322754,8.180000305175781,8.6899995803833,8.100000381469727,454000.0
2018-12-17,2018-12-17,8.119999885559082,8.59000015258789,8.699999809265137,7.96999979019165,418000.0
2018-12-18,2018-12-18,8.3100004196167,8.180000305175781,8.40999984741211,8.0,271600.0
2018-12-19,2018-12-19,8.100000381469727,8.199999809265137,8.34000015258789,8.069999694824219,195900.0
2018-12-20,2018-12-20,7.679999828338623,8.050000190734863,8.130000114440918,7.559999942779541,164300.0
2018-12-21,2018-12-21,7.78000020980835,7.639999866485596,7.9079999923706055,7.525000095367432,301800.0
2018-12-24,2018-12-24,7.409999847412109,7.559999942779541,7.63100004196167,7.329999923706055,145500.0
2018-12-26,2018-12-26,7.679999828338623,7.25,7.699999809265137,7.019999980926514,183500.0
2018-12-27,2018-12-27,7.730000019073486,7.519999980926514,7.75,7.300000190734863,181300.0
2018-12-28,2018-12-28,7.739999771118164,7.630000114440918,7.789999961853027,7.260000228881836,255700.0
2018-12-31,2018-12-31,7.25,7.650000095367432,7.900000095367432,7.170000076293945,206300.0
2019-01-02,2019-01-02,7.420000076293945,7.150000095367432,7.5,7.050000190734863,143900.0
2019-01-03,2019-01-03,7.619999885559082,7.300000190734863,7.900000095367432,7.269999980926514,243500.0
2019-01-04,2019-01-04,8.180000305175781,7.739999771118164,8.239999771118164,7.7220001220703125,514800.0
2019-01-07,2019-01-07,8.489999771118164,8.199999809265137,8.550000190734863,8.199999809265137,171300.0
2019-01-08,2019-01-08,8.59000015258789,8.569999694824219,8.65999984741211,8.279999732971191,85000.0
2019-01-09,2019-01-09,8.819999694824219,8.6899995803833,8.979999542236328,8.609999656677246,203500.0
2019-01-10,2019-01-10,8.949999809265137,8.800000190734863,8.949999809265137,8.708000183105469,67200.0
2019-01-11,2019-01-11,8.960000038146973,8.920000076293945,8.970000267028809,8.65999984741211,119500.0
2019-01-14,2019-01-14,8.75,8.8100004196167,8.880000114440918,8.630000114440918,66700.0
2019-01-15,2019-01-15,8.960000038146973,8.699999809265137,9.020000457763672,8.649999618530273,163600.0
2019-01-16,2019-01-16,9.199999809265137,8.989999771118164,9.300000190734863,8.989999771118164,161200.0
2019-01-17,2019-01-17,9.350000381469727,9.100000381469727,9.390000343322754,9.100000381469727,80200.0
2019-01-18,2019-01-18,9.329999923706055,9.460000038146973,9.460000038146973,9.223999977111816,155600.0
2019-01-22,2019-01-22,9.4399995803833,9.220000267028809,9.779999732971191,9.1899995803833,540600.0
2019-01-23,2019-01-23,9.029999732971191,9.460000038146973,9.649999618530273,8.800000190734863,341000.0
2019-01-24,2019-01-24,9.0600004196167,9.029999732971191,9.15999984741211,8.979999542236328,112600.0
2019-01-25,2019-01-25,9.3100004196167,9.069999694824219,9.5,9.069999694824219,305100.0
2019-01-28,2019-01-28,9.460000038146973,9.279999732971191,9.510000228881836,9.279999732971191,233900.0
2019-01-29,2019-01-29,9.569999694824219,9.460000038146973,9.670000076293945,9.40999984741211,241400.0
2019-01-30,2019-01-30,9.4399995803833,9.649999618530273,9.649999618530273,9.380000114440918,136000.0
2019-01-31,2019-01-31,9.779999732971191,9.5,9.789999961853027,9.395000457763672,210600.0
2019-02-01,2019-02-01,9.850000381469727,9.75,9.859999656677246,9.6899995803833,148000.0
2019-02-04,2019-02-04,10.109999656677246,9.819999694824219,10.119999885559082,9.630000114440918,177200.0
2019-02-05,2019-02-05,10.149999618530273,10.1899995803833,10.239999771118164,10.0,247500.0
2019-02-06,2019-02-06,10.039999961853027,10.149999618530273,10.15999984741211,9.859999656677246,151600.0
2019-02-07,2019-02-07,10.100000381469727,10.029999732971191,10.239999771118164,9.885000228881836,164500.0
2019-02-08,2019-02-08,10.010000228881836,10.039999961853027,10.109999656677246,9.949999809265137,157100.0
2019-02-11,2019-02-11,10.0,10.140000343322754,10.15999984741211,9.970000267028809,558300.0
2019-02-12,2019-02-12,10.0,10.119999885559082,10.119999885559082,9.96500015258789,465700.0
2019-02-13,2019-02-13,10.1899995803833,10.010000228881836,10.350000381469727,9.960000038146973,932100.0
2019-02-14,2019-02-14,10.050000190734863,10.119999885559082,10.140000343322754,9.920000076293945,448400.0
2019-02-15,2019-02-15,10.039999961853027,10.100000381469727,10.119999885559082,10.020000457763672,548300.0
2019-02-19,2019-02-19,10.050000190734863,10.050000190734863,10.260000228881836,9.970000267028809,1138600.0
2019-02-20,2019-02-20,10.279999732971191,10.109999656677246,10.350000381469727,10.029999732971191,641200.0
2019-02-21,2019-02-21,10.3100004196167,10.3100004196167,10.5,10.210000038146973,696200.0
2019-02-22,2019-02-22,11.479999542236328,10.300000190734863,11.630000114440918,10.279999732971191,764700.0
2019-02-25,2019-02-25,12.100000381469727,12.300000190734863,12.819999694824219,12.029999732971191,965500.0
2019-02-26,2019-02-26,11.960000038146973,12.0,12.140000343322754,11.850000381469727,311400.0
2019-02-27,2019-02-27,12.039999961853027,11.899999618530273,12.140000343322754,11.630000114440918,348600.0
2019-02-28,2019-02-28,11.649999618530273,12.039999961853027,12.076000213623047,11.529999732971191,286600.0
2019-03-01,2019-03-01,12.149999618530273,11.859999656677246,12.199999809265137,11.720000267028809,315000.0
2019-03-04,2019-03-04,12.109999656677246,12.020000457763672,12.4399995803833,11.859999656677246,449300.0
2019-03-05,2019-03-05,11.880000114440918,12.069999694824219,12.119999885559082,11.720000267028809,315400.0
2019-03-06,2019-03-06,11.699999809265137,11.890000343322754,12.050000190734863,11.670000076293945,282500.0
2019-03-07,2019-03-07,11.149999618530273,11.699999809265137,11.699999809265137,11.109999656677246,565300.0
2019-03-08,2019-03-08,11.0600004196167,11.369999885559082,11.369999885559082,10.770000457763672,622500.0
2019-03-11,2019-03-11,11.199999809265137,11.15999984741211,11.359999656677246,11.029999732971191,447400.0
2019-03-12,2019-03-12,11.229999542236328,11.3100004196167,11.380000114440918,10.899999618530273,597500.0
2019-03-13,2019-03-13,11.149999618530273,11.25,11.281000137329102,11.0600004196167,889600.0
2019-03-14,2019-03-14,10.390000343322754,11.970000267028809,12.0,10.319999694824219,1919900.0
2019-03-15,2019-03-15,10.529999732971191,10.510000228881836,10.614999771118164,10.390000343322754,2349400.0
2019-03-18,2019-03-18,10.489999771118164,10.399999618530273,10.505000114440918,10.0,4795600.0
2019-03-19,2019-03-19,11.420000076293945,10.479999542236328,11.520999908447266,10.279999732971191,3073600.0
2019-03-20,2019-03-20,10.789999961853027,11.430000305175781,11.430000305175781,10.625,1775900.0
2019-03-21,2019-03-21,11.300000190734863,10.75,11.380000114440918,10.699999809265137,1383900.0
2019-03-22,2019-03-22,10.75,11.15999984741211,11.289999961853027,10.550000190734863,1031900.0
2019-03-25,2019-03-25,11.260000228881836,10.699999809265137,11.430000305175781,10.520000457763672,987300.0
2019-03-26,2019-03-26,11.020000457763672,11.270000457763672,11.270000457763672,10.770000457763672,578100.0
2019-03-27,2019-03-27,10.770000457763672,11.050000190734863,11.1899995803833,10.670000076293945,794400.0
2019-03-28,2019-03-28,10.430000305175781,10.369999885559082,10.760000228881836,9.710000038146973,1935900.0
2019-03-29,2019-03-29,10.5,10.430000305175781,10.5,9.449999809265137,1650900.0
2019-04-01,2019-04-01,11.109999656677246,10.710000038146973,11.289999961853027,10.649999618530273,748000.0
2019-04-02,2019-04-02,11.9399995803833,11.180000305175781,12.130000114440918,11.114999771118164,1084200.0
2019-04-03,2019-04-03,11.920000076293945,12.210000038146973,12.770000457763672,11.850000381469727,819800.0
2019-04-04,2019-04-04,12.460000038146973,11.869999885559082,12.59000015258789,11.84000015258789,777400.0
2019-04-05,2019-04-05,13.0600004196167,12.579999923706055,13.199999809265137,12.579999923706055,2132600.0
2019-04-08,2019-04-08,14.279999732971191,12.789999961853027,14.520000457763672,12.758999824523926,1592500.0
2019-04-09,2019-04-09,14.109999656677246,14.319999694824219,14.65999984741211,13.989999771118164,1277100.0
2019-04-10,2019-04-10,13.59000015258789,14.079999923706055,14.140000343322754,13.329999923706055,1080900.0
2019-04-11,2019-04-11,13.729999542236328,13.579999923706055,13.890000343322754,13.470000267028809,551900.0
2019-04-12,2019-04-12,14.0,14.0,14.579999923706055,13.859999656677246,1113600.0
2019-04-15,2019-04-15,13.260000228881836,13.979999542236328,13.979999542236328,13.039999961853027,830200.0
2019-04-16,2019-04-16,13.640000343322754,13.5600004196167,13.859999656677246,13.399999618530273,902300.0
2019-04-17,2019-04-17,13.84000015258789,13.8100004196167,14.029999732971191,13.739999771118164,1416600.0
2019-04-18,2019-04-18,14.430000305175781,14.0,14.5,13.770000457763672,1127500.0
2019-04-22,2019-04-22,13.329999923706055,14.079999923706055,14.079999923706055,13.25,2083700.0
2019-04-23,2019-04-23,13.449999809265137,13.479999542236328,13.539999961853027,13.260000228881836,1170600.0
2019-04-24,2019-04-24,13.449999809265137,13.449999809265137,13.609999656677246,12.819999694824219,1828600.0
2019-04-25,2019-04-25,13.100000381469727,13.34000015258789,13.385000228881836,12.880000114440918,1420800.0
2019-04-26,2019-04-26,13.489999771118164,13.100000381469727,13.569999694824219,12.949999809265137,1770100.0
2019-04-29,2019-04-29,13.59000015258789,13.59000015258789,13.760000228881836,13.270000457763672,3989500.0
2019-04-30,2019-04-30,12.899999618530273,13.529999732971191,13.609999656677246,12.869999885559082,2161700.0
2019-05-01,2019-05-01,12.899999618530273,12.970000267028809,13.149999618530273,12.890000343322754,1244100.0
2019-05-02,2019-05-02,13.5,12.930000305175781,13.520000457763672,12.880000114440918,1908600.0
2019-05-03,2019-05-03,14.5,13.539999961853027,14.619999885559082,13.319999694824219,3351600.0
2019-05-06,2019-05-06,13.800000190734863,13.470000267028809,14.029999732971191,13.25,1429900.0
2019-05-07,2019-05-07,13.420000076293945,13.600000381469727,13.789999961853027,13.319999694824219,1230800.0
2019-05-08,2019-05-08,13.109999656677246,13.289999961853027,13.5600004196167,12.380000114440918,1595400.0
2019-05-09,2019-05-09,12.460000038146973,12.829999923706055,12.899999618530273,12.300000190734863,917100.0
2019-05-10,2019-05-10,12.970000267028809,12.850000381469727,13.140999794006348,12.630000114440918,696600.0
2019-05-13,2019-05-13,12.449999809265137,12.569999694824219,12.64799976348877,12.140000343322754,810100.0
2019-05-14,2019-05-14,13.09000015258789,12.720000267028809,13.149999618530273,12.550000190734863,867000.0
2019-05-15,2019-05-15,12.989999771118164,13.100000381469727,13.239999771118164,12.895000457763672,624500.0
2019-05-16,2019-05-16,13.680000305175781,13.0,13.859999656677246,13.0,1295000.0
2019-05-17,2019-05-17,12.989999771118164,13.600000381469727,13.760000228881836,12.765999794006348,2254300.0
2019-05-20,2019-05-20,11.800000190734863,12.6899995803833,12.729999542236328,11.800000190734863,1704900.0
2019-05-21,2019-05-21,12.279999732971191,11.869999885559082,12.489999771118164,11.869999885559082,1046800.0
2019-05-22,2019-05-22,12.529999732971191,12.199999809265137,12.6899995803833,12.0,1247900.0
2019-05-23,2019-05-23,12.0600004196167,12.25,12.28499984741211,11.90999984741211,1225900.0
2019-05-24,2019-05-24,12.329999923706055,12.140000343322754,12.470000267028809,12.109999656677246,927400.0
2019-05-28,2019-05-28,12.279999732971191,12.289999961853027,12.600000381469727,12.180000305175781,5039200.0
2019-05-29,2019-05-29,11.949999809265137,12.25,12.260000228881836,11.800000190734863,935800.0
2019-05-30,2019-05-30,11.579999923706055,11.970000267028809,12.069999694824219,11.539999961853027,485500.0
2019-05-31,2019-05-31,11.300000190734863,11.4399995803833,11.5600004196167,11.270000457763672,815700.0
2019-06-03,2019-06-03,11.229999542236328,11.319999694824219,11.550000190734863,11.130000114440918,905700.0
2019-06-04,2019-06-04,11.699999809265137,11.279999732971191,11.779999732971191,11.279999732971191,1315300.0
2019-06-05,2019-06-05,11.069999694824219,11.779999732971191,11.970000267028809,10.920000076293945,981000.0
2019-06-06,2019-06-06,10.779999732971191,11.100000381469727,11.21500015258789,10.619999885559082,1102000.0
2019-06-07,2019-06-07,10.65999984741211,10.84000015258789,11.010000228881836,10.600000381469727,759400.0
2019-06-10,2019-06-10,11.109999656677246,10.859999656677246,11.140000343322754,10.84000015258789,701600.0
2019-06-11,2019-06-11,11.369999885559082,11.25,11.550000190734863,11.09000015258789,673400.0
2019-06-12,2019-06-12,11.420000076293945,11.40999984741211,11.789999961853027,11.260000228881836,899700.0
2019-06-13,2019-06-13,11.270000457763672,11.5600004196167,11.600000381469727,11.109999656677246,491300.0
2019-06-14,2019-06-14,10.9399995803833,11.260000228881836,11.260000228881836,10.800000190734863,1152800.0
2019-06-17,2019-06-17,10.899999618530273,10.989999771118164,11.229999542236328,10.850000381469727,828000.0
2019-06-18,2019-06-18,11.40999984741211,10.960000038146973,11.4399995803833,10.859999656677246,853800.0
2019-06-19,2019-06-19,11.5,11.470000267028809,11.729999542236328,11.380000114440918,697000.0
2019-06-20,2019-06-20,11.960000038146973,11.65999984741211,11.989999771118164,11.619999885559082,827500.0
2019-06-21,2019-06-21,11.760000228881836,11.90999984741211,11.965999603271484,11.34000015258789,666900.0
2019-06-24,2019-06-24,11.899999618530273,11.760000228881836,12.279999732971191,11.760000228881836,1249200.0
2019-06-25,2019-06-25,11.25,11.800000190734863,11.829999923706055,11.130000114440918,1436200.0
2019-06-26,2019-06-26,11.350000381469727,11.3100004196167,11.550000190734863,11.239999771118164,1526500.0
2019-06-27,2019-06-27,11.630000114440918,11.420000076293945,11.649999618530273,11.359999656677246,1169000.0
2019-06-28,2019-06-28,11.15999984741211,11.569999694824219,11.680000305175781,11.010000228881836,836000.0
2019-07-01,2019-07-01,11.699999809265137,11.779999732971191,11.9399995803833,11.65999984741211,1254900.0
2019-07-02,2019-07-02,11.859999656677246,11.770000457763672,11.930000305175781,11.619999885559082,955200.0
2019-07-03,2019-07-03,12.029999732971191,11.789999961853027,12.170000076293945,11.600000381469727,632200.0
2019-07-05,2019-07-05,11.920000076293945,11.970000267028809,12.039999961853027,11.510000228881836,420300.0
2019-07-08,2019-07-08,11.779999732971191,11.880000114440918,11.904999732971191,11.619999885559082,637500.0
2019-07-09,2019-07-09,11.9399995803833,11.640000343322754,12.130000114440918,11.640000343322754,753600.0
2019-07-10,2019-07-10,11.970000267028809,11.9399995803833,12.140000343322754,11.630000114440918,1018200.0
2019-07-11,2019-07-11,11.949999809265137,12.020000457763672,12.079999923706055,11.829999923706055,483200.0
2019-07-12,2019-07-12,11.59000015258789,12.0,12.0,11.569999694824219,375200.0
2019-07-15,2019-07-15,12.0,11.649999618530273,12.010000228881836,11.649999618530273,906000.0
2019-07-16,2019-07-16,11.5600004196167,12.170000076293945,12.170000076293945,11.420000076293945,816200.0
2019-07-17,2019-07-17,11.350000381469727,11.600000381469727,11.680000305175781,11.154999732971191,509000.0
2019-07-18,2019-07-18,11.3100004196167,11.25,11.4350004196167,11.15999984741211,489700.0
2019-07-19,2019-07-19,11.34000015258789,11.399999618530273,11.600000381469727,11.319999694824219,666700.0
2019-07-22,2019-07-22,10.960000038146973,11.34000015258789,11.369999885559082,10.829999923706055,854200.0
2019-07-23,2019-07-23,11.260000228881836,11.0,11.366999626159668,10.989999771118164,616300.0
2019-07-24,2019-07-24,11.020000457763672,11.289999961853027,11.369999885559082,10.899999618530273,493300.0
2019-07-25,2019-07-25,10.649999618530273,11.069999694824219,11.130000114440918,10.635000228881836,523700.0
2019-07-26,2019-07-26,10.779999732971191,10.739999771118164,11.024999618530273,10.649999618530273,630900.0
2019-07-29,2019-07-29,10.710000038146973,10.789999961853027,10.899999618530273,10.670000076293945,308500.0
2019-07-30,2019-07-30,10.609999656677246,10.699999809265137,10.74899959564209,10.600000381469727,360200.0
2019-07-31,2019-07-31,10.600000381469727,10.710000038146973,10.829999923706055,10.479999542236328,368000.0
2019-08-01,2019-08-01,10.4399995803833,10.630000114440918,11.010000228881836,10.399999618530273,550300.0
2019-08-02,2019-08-02,10.399999618530273,10.4399995803833,10.960000038146973,10.210000038146973,407300.0
2019-08-05,2019-08-05,10.079999923706055,10.130000114440918,10.279999732971191,9.609999656677246,825300.0
2019-08-06,2019-08-06,10.180000305175781,10.1899995803833,10.229999542236328,10.050000190734863,350700.0
2019-08-07,2019-08-07,10.079999923706055,10.050000190734863,10.1899995803833,9.779999732971191,398700.0
2019-08-08,2019-08-08,10.699999809265137,10.199999809265137,10.90999984741211,10.199999809265137,1092000.0
2019-08-09,2019-08-09,10.260000228881836,10.680000305175781,10.960000038146973,10.130000114440918,580600.0
2019-08-12,2019-08-12,10.100000381469727,10.109999656677246,10.15999984741211,9.902999877929688,395600.0
2019-08-13,2019-08-13,10.270000457763672,10.079999923706055,10.789999961853027,10.079999923706055,511500.0
2019-08-14,2019-08-14,9.979999542236328,10.100000381469727,10.295000076293945,9.770000457763672,571900.0
2019-08-15,2019-08-15,10.180000305175781,10.069999694824219,10.4399995803833,9.960000038146973,474600.0
2019-08-16,2019-08-16,10.670000076293945,10.350000381469727,10.819999694824219,10.25,588500.0
2019-08-19,2019-08-19,10.430000305175781,10.930000305175781,11.020000457763672,10.380000114440918,606200.0
2019-08-20,2019-08-20,10.34000015258789,10.520000457763672,10.574999809265137,10.210000038146973,313100.0
2019-08-21,2019-08-21,10.739999771118164,10.350000381469727,10.789999961853027,10.350000381469727,735600.0
2019-08-22,2019-08-22,10.029999732971191,10.710000038146973,10.710000038146973,9.989999771118164,392800.0
2019-08-23,2019-08-23,10.029999732971191,10.100000381469727,10.390000343322754,10.0,602900.0
2019-08-26,2019-08-26,10.109999656677246,10.130000114440918,10.329999923706055,9.880000114440918,565000.0
2019-08-27,2019-08-27,10.039999961853027,10.199999809265137,10.220000267028809,9.920000076293945,821000.0
2019-08-28,2019-08-28,10.359999656677246,9.949999809265137,10.390000343322754,9.914999961853027,641200.0
2019-08-29,2019-08-29,9.829999923706055,10.470000267028809,10.579999923706055,9.779999732971191,757600.0
2019-08-30,2019-08-30,10.25,10.0,10.3100004196167,9.930000305175781,1659800.0
2019-09-03,2019-09-03,10.649999618530273,10.300000190734863,10.829999923706055,10.149999618530273,1784200.0
2019-09-04,2019-09-04,11.079999923706055,10.729999542236328,11.288999557495117,10.729999542236328,3637200.0
2019-09-05,2019-09-05,11.079999923706055,11.300000190734863,11.380000114440918,10.75,1149900.0
2019-09-06,2019-09-06,11.380000114440918,11.050000190734863,11.5,11.050000190734863,2318200.0
2019-09-09,2019-09-09,11.270000457763672,11.399999618530273,11.4399995803833,11.0600004196167,1294300.0
2019-09-10,2019-09-10,11.470000267028809,11.050000190734863,11.489999771118164,10.904999732971191,1323800.0
2019-09-11,2019-09-11,11.1899995803833,11.479999542236328,11.550000190734863,11.0600004196167,1330900.0
2019-09-12,2019-09-12,11.789999961853027,11.289999961853027,11.84000015258789,11.210000038146973,1491800.0
2019-09-13,2019-09-13,11.4399995803833,11.800000190734863,12.0,11.3100004196167,2314000.0
2019-09-16,2019-09-16,11.449999809265137,11.329999923706055,11.5600004196167,11.319999694824219,1120300.0
2019-09-17,2019-09-17,11.40999984741211,11.4399995803833,11.699999809265137,11.319999694824219,1060100.0
2019-09-18,2019-09-18,11.239999771118164,11.420000076293945,11.449999809265137,11.029999732971191,811700.0
2019-09-19,2019-09-19,11.369999885559082,11.289999961853027,11.579999923706055,11.277000427246094,1522400.0
2019-09-20,2019-09-20,10.859999656677246,11.390000343322754,11.460000038146973,10.859999656677246,3497600.0
2019-09-23,2019-09-23,11.15999984741211,10.960000038146973,11.180000305175781,10.835000038146973,1460400.0
2019-09-24,2019-09-24,10.380000114440918,11.149999618530273,11.239999771118164,10.359999656677246,863200.0
2019-09-25,2019-09-25,10.420000076293945,10.359999656677246,10.562000274658203,10.229999542236328,934600.0
2019-09-26,2019-09-26,10.25,10.420000076293945,10.550000190734863,10.199999809265137,1113600.0
2019-09-27,2019-09-27,9.949999809265137,10.260000228881836,10.34000015258789,9.84000015258789,978200.0
2019-09-30,2019-09-30,10.029999732971191,10.069999694824219,10.069999694824219,9.84000015258789,692400.0
2019-10-01,2019-10-01,9.270000457763672,10.050000190734863,10.0600004196167,9.149999618530273,1513600.0
2019-10-02,2019-10-02,8.970000267028809,9.09000015258789,9.399999618530273,8.949999809265137,1314900.0
2019-10-03,2019-10-03,9.050000190734863,8.979999542236328,9.119999885559082,8.720000267028809,1098300.0
2019-10-04,2019-10-04,8.819999694824219,9.010000228881836,9.079999923706055,8.75,896700.0
2019-10-07,2019-10-07,8.640000343322754,8.729999542236328,8.979999542236328,8.579000473022461,1213600.0
2019-10-08,2019-10-08,8.5600004196167,8.600000381469727,8.760000228881836,8.430000305175781,1372000.0
2019-10-09,2019-10-09,9.0,8.779999732971191,9.029999732971191,8.729999542236328,830800.0
2019-10-10,2019-10-10,9.239999771118164,9.239999771118164,9.390000343322754,9.01099967956543,922500.0
2019-10-11,2019-10-11,9.550000190734863,9.390000343322754,9.829999923706055,9.390000343322754,1044700.0
2019-10-14,2019-10-14,9.739999771118164,9.550000190734863,9.859999656677246,9.40999984741211,703600.0
2019-10-15,2019-10-15,10.050000190734863,9.75,10.1899995803833,9.710000038146973,977000.0
2019-10-16,2019-10-16,10.149999618530273,10.0600004196167,10.270000457763672,9.90999984741211,691700.0
2019-10-17,2019-10-17,10.729999542236328,10.260000228881836,10.75,10.170000076293945,1199900.0
2019-10-18,2019-10-18,10.630000114440918,10.739999771118164,10.812999725341797,10.420000076293945,1043800.0
2019-10-21,2019-10-21,10.649999618530273,10.399999618530273,10.710000038146973,10.140000343322754,1089000.0
2019-10-22,2019-10-22,10.819999694824219,10.680000305175781,10.949999809265137,10.680000305175781,840400.0
2019-10-23,2019-10-23,11.079999923706055,10.789999961853027,11.140000343322754,10.789999961853027,764700.0
2019-10-24,2019-10-24,11.079999923706055,11.149999618530273,11.270000457763672,10.829999923706055,622100.0
2019-10-25,2019-10-25,11.0,11.09000015258789,11.1899995803833,10.960000038146973,457700.0
2019-10-28,2019-10-28,11.5600004196167,11.119999885559082,11.579999923706055,11.119999885559082,569700.0
2019-10-29,2019-10-29,11.520000457763672,11.569999694824219,11.699999809265137,11.40999984741211,763400.0
2019-10-30,2019-10-30,11.569999694824219,11.5,11.59000015258789,11.369999885559082,555700.0
2019-10-31,2019-10-31,11.34000015258789,11.600000381469727,11.605999946594238,11.109999656677246,691600.0
2019-11-01,2019-11-01,11.609999656677246,11.579999923706055,11.789999961853027,11.010000228881836,742400.0
2019-11-04,2019-11-04,11.970000267028809,11.760000228881836,11.989999771118164,11.600000381469727,636500.0
2019-11-05,2019-11-05,11.9399995803833,12.0,12.119999885559082,11.819999694824219,937100.0
2019-11-06,2019-11-06,11.84000015258789,11.960000038146973,12.050000190734863,11.779999732971191,389700.0
2019-11-07,2019-11-07,11.819999694824219,11.899999618530273,12.020000457763672,11.680000305175781,623000.0
2019-11-08,2019-11-08,12.050000190734863,11.800000190734863,12.050000190734863,11.65999984741211,503300.0
2019-11-11,2019-11-11,12.470000267028809,11.859999656677246,12.5,11.859999656677246,952800.0
2019-11-12,2019-11-12,12.5,12.550000190734863,12.640000343322754,12.40999984741211,815700.0
2019-11-13,2019-11-13,12.510000228881836,12.489999771118164,12.59000015258789,12.40999984741211,704300.0
2019-11-14,2019-11-14,12.479999542236328,12.539999961853027,12.630000114440918,12.329999923706055,1005200.0
2019-11-15,2019-11-15,12.5,12.460000038146973,12.569999694824219,12.399999618530273,1706500.0
2019-11-18,2019-11-18,12.989999771118164,12.850000381469727,13.130000114440918,12.369999885559082,4695800.0
2019-11-19,2019-11-19,12.920000076293945,13.199999809265137,13.199999809265137,12.770000457763672,1626700.0
2019-11-20,2019-11-20,11.949999809265137,12.5,12.52299976348877,11.510000228881836,2961000.0
2019-11-21,2019-11-21,11.609999656677246,11.680000305175781,11.901000022888184,11.579999923706055,1320100.0
2019-11-22,2019-11-22,11.520000457763672,11.75,11.979999542236328,11.460000038146973,1047300.0
2019-11-25,2019-11-25,11.880000114440918,11.609999656677246,12.0,11.609999656677246,691500.0
2019-11-26,2019-11-26,11.9399995803833,11.899999618530273,11.949999809265137,11.760000228881836,531600.0
2019-11-27,2019-11-27,11.979999542236328,11.90999984741211,11.989999771118164,11.710000038146973,624300.0
2019-11-29,2019-11-29,11.90999984741211,11.930000305175781,11.930000305175781,11.609999656677246,321400.0
2019-12-02,2019-12-02,11.869999885559082,11.949999809265137,12.100000381469727,11.75,528700.0
2019-12-03,2019-12-03,11.84000015258789,11.670000076293945,11.890000343322754,11.585000038146973,887800.0
2019-12-04,2019-12-04,11.699999809265137,11.920000076293945,11.979999542236328,11.649999618530273,604500.0
2019-12-05,2019-12-05,11.710000038146973,11.6899995803833,11.859999656677246,11.65999984741211,462700.0
2019-12-06,2019-12-06,11.869999885559082,11.850000381469727,11.899999618530273,11.640000343322754,563700.0
2019-12-09,2019-12-09,11.550000190734863,11.899999618530273,11.989999771118164,11.524999618530273,900000.0
2019-12-10,2019-12-10,11.460000038146973,11.5600004196167,11.704999923706055,11.430000305175781,682700.0
2019-12-11,2019-12-11,11.130000114440918,11.460000038146973,11.460000038146973,11.039999961853027,1842800.0
2019-12-12,2019-12-12,11.569999694824219,11.130000114440918,11.600000381469727,10.539999961853027,3269100.0
2019-12-13,2019-12-13,11.8100004196167,11.59000015258789,11.8100004196167,11.470000267028809,2516800.0
2019-12-16,2019-12-16,11.930000305175781,11.8100004196167,12.0,11.75,1081200.0
2019-12-17,2019-12-17,12.329999923706055,12.0,12.359999656677246,11.90999984741211,2387500.0
2019-12-18,2019-12-18,12.869999885559082,12.279999732971191,12.920000076293945,12.279999732971191,3004600.0
2019-12-19,2019-12-19,12.489999771118164,12.729999542236328,12.880000114440918,12.369999885559082,1141800.0
2019-12-20,2019-12-20,12.819999694824219,12.569999694824219,12.949999809265137,12.545000076293945,1795800.0
2019-12-23,2019-12-23,12.770000457763672,12.819999694824219,12.9399995803833,12.640000343322754,1613600.0
2019-12-24,2019-12-24,12.84000015258789,12.819999694824219,12.984999656677246,12.819999694824219,1310000.0
2019-12-26,2019-12-26,13.0,12.930000305175781,13.050000190734863,12.8100004196167,1475400.0
2019-12-27,2019-12-27,13.079999923706055,13.0,13.15999984741211,12.819999694824219,1354700.0
2019-12-30,2019-12-30,13.9399995803833,13.069999694824219,13.979999542236328,12.869999885559082,3633200.0
2019-12-31,2019-12-31,13.890000343322754,13.949999809265137,14.180000305175781,13.829999923706055,2182800.0
2020-01-02,2020-01-02,15.199999809265137,14.0,15.300000190734863,13.998000144958496,2773600.0
2020-01-03,2020-01-03,15.15999984741211,14.640000343322754,15.25,14.420000076293945,1565900.0
2020-01-06,2020-01-06,14.630000114440918,15.149999618530273,15.149999618530273,14.479999542236328,2033100.0
2020-01-07,2020-01-07,14.970000267028809,14.699999809265137,15.119999885559082,14.600000381469727,2098000.0
2020-01-08,2020-01-08,15.010000228881836,14.789999961853027,15.109999656677246,14.5600004196167,2060700.0
2020-01-09,2020-01-09,15.289999961853027,15.140000343322754,15.770000457763672,15.140000343322754,2127900.0
2020-01-10,2020-01-10,14.579999923706055,15.430000305175781,15.489999771118164,14.479999542236328,1987700.0
2020-01-13,2020-01-13,14.770000457763672,14.760000228881836,15.039999961853027,14.649999618530273,1216300.0
2020-01-14,2020-01-14,14.0,14.739999771118164,14.760000228881836,13.949999809265137,1947300.0
2020-01-15,2020-01-15,13.970000267028809,14.069999694824219,14.199999809265137,13.829999923706055,2609100.0
2020-01-16,2020-01-16,14.260000228881836,14.100000381469727,14.380000114440918,14.069999694824219,2217400.0
2020-01-17,2020-01-17,14.350000381469727,14.199999809265137,14.380000114440918,14.100000381469727,1386800.0
2020-01-21,2020-01-21,14.619999885559082,14.199999809265137,14.680000305175781,14.140000343322754,1872900.0
2020-01-22,2020-01-22,16.636999130249023,15.369999885559082,16.93000030517578,15.069999694824219,6022600.0
2020-01-23,2020-01-23,16.06999969482422,16.43000030517578,16.450000762939453,15.630000114440918,4843600.0
2020-01-24,2020-01-24,15.020000457763672,16.110000610351562,16.125999450683594,14.630000114440918,2580500.0
2020-01-27,2020-01-27,13.960000038146973,13.979999542236328,14.336000442504883,12.100000381469727,3273800.0
2020-01-28,2020-01-28,14.359999656677246,14.130000114440918,14.40999984741211,13.90999984741211,1455500.0
2020-01-29,2020-01-29,14.020000457763672,14.430000305175781,14.520000457763672,14.0,1118100.0
2020-01-30,2020-01-30,13.59000015258789,13.670000076293945,14.029999732971191,13.390000343322754,1388200.0
2020-01-31,2020-01-31,13.300000190734863,13.510000228881836,13.699999809265137,13.09000015258789,1470100.0
2020-02-03,2020-02-03,13.34000015258789,13.279999732971191,13.539999961853027,13.170000076293945,1790300.0
2020-02-04,2020-02-04,14.050000190734863,13.789999961853027,14.399999618530273,13.788999557495117,2427400.0
2020-02-05,2020-02-05,13.289999961853027,14.350000381469727,14.399999618530273,13.109999656677246,1749500.0
2020-02-06,2020-02-06,13.369999885559082,13.539999961853027,13.64900016784668,13.109999656677246,1567800.0
2020-02-07,2020-02-07,13.390000343322754,13.399999618530273,13.625,13.305000305175781,1623300.0
2020-02-10,2020-02-10,13.359999656677246,13.260000228881836,13.625,12.770000457763672,2188500.0
2020-02-11,2020-02-11,13.329999923706055,13.399999618530273,13.539999961853027,13.199999809265137,1237200.0
2020-02-12,2020-02-12,13.770000457763672,13.5600004196167,14.079999923706055,13.489999771118164,1378800.0
2020-02-13,2020-02-13,13.510000228881836,13.699999809265137,13.800000190734863,13.270000457763672,1160400.0
2020-02-14,2020-02-14,13.420000076293945,13.699999809265137,13.960000038146973,13.32800006866455,895200.0
2020-02-18,2020-02-18,13.09000015258789,13.399999618530273,13.449999809265137,12.920000076293945,1589100.0
2020-02-19,2020-02-19,13.069999694824219,13.09000015258789,13.180000305175781,12.850000381469727,1444400.0
2020-02-20,2020-02-20,13.220000267028809,13.069999694824219,13.460000038146973,13.0,1433300.0
2020-02-21,2020-02-21,12.710000038146973,13.170000076293945,13.210000038146973,12.630000114440918,1425300.0
2020-02-24,2020-02-24,12.069999694824219,12.270000457763672,12.350000381469727,11.800000190734863,2564300.0
2020-02-25,2020-02-25,12.020000457763672,12.1899995803833,12.585000038146973,11.90999984741211,1392100.0
2020-02-26,2020-02-26,11.979999542236328,12.09000015258789,12.265000343322754,11.869999885559082,976900.0
2020-02-27,2020-02-27,11.699999809265137,11.800000190734863,12.050000190734863,11.550000190734863,1287300.0
2020-02-28,2020-02-28,11.640000343322754,11.329999923706055,11.6899995803833,11.09000015258789,1587000.0
2020-03-02,2020-03-02,11.239999771118164,11.729999542236328,11.791000366210938,10.949999809265137,1883500.0
2020-03-03,2020-03-03,10.869999885559082,11.300000190734863,11.46500015258789,10.710000038146973,1618700.0
2020-03-04,2020-03-04,11.079999923706055,11.0,11.170000076293945,10.930000305175781,1681200.0
2020-03-05,2020-03-05,10.970000267028809,10.9399995803833,11.109999656677246,10.720000267028809,939800.0
2020-03-06,2020-03-06,10.399999618530273,10.59000015258789,10.800000190734863,10.149999618530273,1497800.0
2020-03-09,2020-03-09,9.470000267028809,9.819999694824219,9.899999618530273,9.020000457763672,2528400.0
2020-03-10,2020-03-10,9.890000343322754,10.109999656677246,10.130000114440918,9.5,3112300.0
2020-03-11,2020-03-11,9.699999809265137,9.65999984741211,10.039999961853027,9.449999809265137,1673300.0
2020-03-12,2020-03-12,8.989999771118164,9.390000343322754,9.835000038146973,8.710000038146973,2900400.0
2020-03-13,2020-03-13,9.539999961853027,9.199999809265137,9.619999885559082,9.039999961853027,1372500.0
2020-03-16,2020-03-16,8.710000038146973,8.760000228881836,8.920000076293945,8.25,1248900.0
2020-03-17,2020-03-17,8.75,8.800000190734863,9.135000228881836,8.394000053405762,2298900.0
2020-03-18,2020-03-18,8.760000228881836,8.5,9.140000343322754,8.100000381469727,2090300.0
2020-03-19,2020-03-19,8.5,8.600000381469727,8.920000076293945,8.119999885559082,1092900.0
2020-03-20,2020-03-20,8.760000228881836,8.569999694824219,9.130000114440918,8.430000305175781,2021800.0
2020-03-23,2020-03-23,8.119999885559082,8.739999771118164,8.779999732971191,7.920000076293945,2075100.0
2020-03-24,2020-03-24,9.270000457763672,8.600000381469727,10.300000190734863,8.579999923706055,3870400.0
2020-03-25,2020-03-25,10.4399995803833,9.739999771118164,10.579999923706055,9.345000267028809,2089800.0
2020-03-26,2020-03-26,11.109999656677246,10.140000343322754,11.140000343322754,9.930000305175781,1882100.0
2020-03-27,2020-03-27,10.050000190734863,10.680000305175781,10.680000305175781,9.989999771118164,1610300.0
2020-03-30,2020-03-30,8.569999694824219,9.960000038146973,10.0,8.5,2788700.0
2020-03-31,2020-03-31,8.869999885559082,8.710000038146973,9.055000305175781,8.640000343322754,1233400.0
2020-04-01,2020-04-01,8.5600004196167,8.720000267028809,8.800000190734863,8.260000228881836,1193300.0
2020-04-02,2020-04-02,8.34000015258789,8.46500015258789,8.46500015258789,8.119999885559082,1837900.0
2020-04-03,2020-04-03,8.5,8.220000267028809,8.5,8.149999618530273,1402600.0
2020-04-06,2020-04-06,8.529999732971191,8.760000228881836,8.869999885559082,8.359999656677246,1929000.0
2020-04-07,2020-04-07,9.050000190734863,8.859999656677246,9.270000457763672,8.800000190734863,1634100.0
2020-04-08,2020-04-08,8.890000343322754,9.199999809265137,9.25,8.819999694824219,980900.0
2020-04-09,2020-04-09,8.6899995803833,8.90999984741211,9.220000267028809,8.520000457763672,2030600.0
2020-04-13,2020-04-13,8.649999618530273,8.75,8.779999732971191,8.460000038146973,831300.0
2020-04-14,2020-04-14,8.930000305175781,8.760000228881836,9.199999809265137,8.699999809265137,836000.0
2020-04-15,2020-04-15,8.569999694824219,8.729999542236328,8.8100004196167,8.520000457763672,810300.0
2020-04-16,2020-04-16,8.59000015258789,8.75,8.75,8.470000267028809,964300.0
2020-04-17,2020-04-17,8.5,8.819999694824219,8.869999885559082,8.5,1132500.0
2020-04-20,2020-04-20,8.279999732971191,8.5,8.59000015258789,8.241000175476074,757800.0
2020-04-21,2020-04-21,8.109999656677246,8.220000267028809,8.220000267028809,7.599999904632568,1591600.0
2020-04-22,2020-04-22,8.079999923706055,8.319999694824219,8.359999656677246,7.769999980926514,1146000.0
2020-04-23,2020-04-23,8.100000381469727,8.079999923706055,8.279999732971191,8.010000228881836,731500.0
2020-04-24,2020-04-24,7.949999809265137,8.180000305175781,8.180000305175781,7.789999961853027,547300.0
2020-04-27,2020-04-27,8.270000457763672,8.069999694824219,8.354999542236328,8.010000228881836,769500.0
2020-04-28,2020-04-28,8.319999694824219,8.479999542236328,8.510000228881836,8.1899995803833,1226900.0
2020-04-29,2020-04-29,8.680000305175781,8.390000343322754,8.680000305175781,8.375,783500.0
2020-04-30,2020-04-30,8.430000305175781,8.630000114440918,8.6899995803833,8.274999618530273,626700.0
2020-05-01,2020-05-01,7.639999866485596,8.3100004196167,8.3100004196167,7.610000133514404,1258700.0
2020-05-04,2020-05-04,7.369999885559082,7.619999885559082,7.679999828338623,7.21999979019165,1199600.0
2020-05-05,2020-05-05,7.110000133514404,7.5,7.599999904632568,7.090000152587891,910500.0
2020-05-06,2020-05-06,7.0,7.199999809265137,7.25,6.980000019073486,1306100.0
2020-05-07,2020-05-07,7.230000019073486,7.039999961853027,7.380000114440918,7.03000020980835,1722500.0
2020-05-08,2020-05-08,7.690000057220459,7.380000114440918,7.849999904632568,7.361999988555908,1244800.0
2020-05-11,2020-05-11,9.0,7.760000228881836,9.0600004196167,7.760000228881836,2241100.0
2020-05-12,2020-05-12,9.020000457763672,9.029999732971191,9.135000228881836,8.800000190734863,1451500.0
2020-05-13,2020-05-13,8.220000267028809,9.239999771118164,9.270000457763672,8.119999885559082,1590000.0
2020-05-14,2020-05-14,8.279999732971191,8.079999923706055,8.319999694824219,7.849999904632568,919700.0
2020-05-15,2020-05-15,8.239999771118164,8.109999656677246,8.380000114440918,8.069999694824219,753700.0
2020-05-18,2020-05-18,9.149999618530273,8.369999885559082,9.210000038146973,8.369999885559082,1269500.0
2020-05-19,2020-05-19,9.460000038146973,9.300000190734863,9.640000343322754,9.239999771118164,1667800.0
2020-05-20,2020-05-20,9.1899995803833,9.5,10.215999603271484,9.020000457763672,1670300.0
2020-05-21,2020-05-21,8.569999694824219,9.0600004196167,9.079999923706055,8.550000190734863,996500.0
2020-05-22,2020-05-22,7.860000133514404,8.5,8.5600004196167,7.820000171661377,3194400.0
2020-05-26,2020-05-26,8.300000190734863,8.220000267028809,8.619999885559082,8.109999656677246,1073500.0
2020-05-27,2020-05-27,8.229999542236328,8.449999809265137,8.734999656677246,8.140000343322754,1013600.0
2020-05-28,2020-05-28,7.920000076293945,8.300000190734863,8.345000267028809,7.889999866485596,1250000.0
2020-05-29,2020-05-29,8.149999618530273,8.039999961853027,8.15999984741211,7.770999908447266,763200.0
2020-06-01,2020-06-01,8.539999961853027,8.149999618530273,8.59000015258789,8.130000114440918,592500.0
2020-06-02,2020-06-02,8.180000305175781,8.59000015258789,8.59000015258789,8.109999656677246,1504800.0
2020-06-03,2020-06-03,8.40999984741211,8.140000343322754,8.600000381469727,8.140000343322754,1611900.0
2020-06-04,2020-06-04,8.09000015258789,9.0,9.039999961853027,7.690000057220459,3920500.0
2020-06-05,2020-06-05,9.0,8.329999923706055,9.0600004196167,8.329999923706055,4057600.0
2020-06-08,2020-06-08,8.880000114440918,9.029999732971191,9.390000343322754,8.819999694824219,2078600.0
2020-06-09,2020-06-09,9.09000015258789,9.029999732971191,9.170000076293945,8.449999809265137,3875500.0
2020-06-10,2020-06-10,9.4399995803833,9.380000114440918,9.984999656677246,9.149999618530273,5050700.0
2020-06-11,2020-06-11,8.90999984741211,9.140000343322754,9.229999542236328,8.800000190734863,2416900.0
2020-06-12,2020-06-12,9.170000076293945,9.390000343322754,9.40999984741211,8.899999618530273,3166000.0
2020-06-15,2020-06-15,10.270000457763672,8.949999809265137,10.300000190734863,8.859999656677246,3086300.0
2020-06-16,2020-06-16,10.760000228881836,10.770000457763672,10.970000267028809,10.279999732971191,3206700.0
2020-06-17,2020-06-17,11.289999961853027,10.760000228881836,11.5,10.699999809265137,4419100.0
2020-06-18,2020-06-18,11.199999809265137,11.199999809265137,11.5,11.109999656677246,1877200.0
2020-06-19,2020-06-19,11.470000267028809,11.59000015258789,12.039999961853027,11.40999984741211,4468500.0
2020-06-22,2020-06-22,11.279999732971191,11.600000381469727,11.619999885559082,10.720000267028809,2442200.0
2020-06-23,2020-06-23,11.489999771118164,11.289999961853027,11.595000267028809,11.149999618530273,1125500.0
2020-06-24,2020-06-24,10.9399995803833,11.260000228881836,11.335000038146973,10.8149995803833,1088200.0
2020-06-25,2020-06-25,11.220000267028809,10.859999656677246,11.229999542236328,10.800000190734863,1593800.0
2020-06-26,2020-06-26,10.510000228881836,11.180000305175781,11.180000305175781,10.479999542236328,1085600.0
2020-06-29,2020-06-29,10.630000114440918,10.449999809265137,10.880000114440918,10.300000190734863,1012700.0
2020-06-30,2020-06-30,10.640000343322754,10.630000114440918,10.729999542236328,10.510000228881836,1008900.0
2020-07-01,2020-07-01,10.5,10.619999885559082,10.899999618530273,10.460000038146973,634100.0
2020-07-02,2020-07-02,11.59000015258789,10.760000228881836,11.829999923706055,10.699999809265137,2176500.0
2020-07-06,2020-07-06,12.5,12.180000305175781,12.515000343322754,11.859999656677246,2916400.0
2020-07-07,2020-07-07,12.039999961853027,12.270000457763672,12.479999542236328,12.0,729500.0
2020-07-08,2020-07-08,13.0,12.220000267028809,13.09000015258789,12.130000114440918,2198900.0
2020-07-09,2020-07-09,13.270000457763672,13.229999542236328,13.4399995803833,12.75,1557000.0
2020-07-10,2020-07-10,12.220000267028809,12.75,12.979999542236328,12.045000076293945,1532600.0
2020-07-13,2020-07-13,12.199999809265137,12.510000228881836,12.88599967956543,12.180000305175781,1068600.0
2020-07-14,2020-07-14,11.350000381469727,12.069999694824219,12.20300006866455,11.300000190734863,1230900.0
2020-07-15,2020-07-15,11.399999618530273,11.545000076293945,11.710000038146973,11.270000457763672,857800.0
2020-07-16,2020-07-16,10.729999542236328,10.979999542236328,11.050000190734863,10.600000381469727,1649500.0
2020-07-17,2020-07-17,10.59000015258789,11.15999984741211,11.25,10.470000267028809,1117000.0
2020-07-20,2020-07-20,11.069999694824219,10.819999694824219,11.399999618530273,10.715999603271484,1358600.0
2020-07-21,2020-07-21,11.359999656677246,11.579999923706055,11.663000106811523,11.279999732971191,1045300.0
2020-07-22,2020-07-22,10.640000343322754,11.100000381469727,11.14900016784668,10.399999618530273,2166500.0
2020-07-23,2020-07-23,8.989999771118164,10.449999809265137,10.539999961853027,8.59000015258789,11950300.0
2020-07-24,2020-07-24,8.600000381469727,9.25,9.260000228881836,8.279000282287598,3544800.0
2020-07-27,2020-07-27,8.529999732971191,8.65999984741211,8.739999771118164,8.399999618530273,1499900.0
2020-07-28,2020-07-28,8.699999809265137,8.649999618530273,9.100000381469727,8.619999885559082,1370600.0
2020-07-29,2020-07-29,8.390000343322754,8.739999771118164,8.859999656677246,8.324999809265137,1591800.0
2020-07-30,2020-07-30,8.1899995803833,8.5,8.5649995803833,8.149999618530273,1377600.0
2020-07-31,2020-07-31,8.510000228881836,8.229999542236328,8.619999885559082,8.140000343322754,812100.0
2020-08-03,2020-08-03,8.539999961853027,8.609999656677246,8.789999961853027,8.380000114440918,1538600.0
2020-08-04,2020-08-04,8.520000457763672,8.510000228881836,8.800000190734863,8.470000267028809,1394800.0
2020-08-05,2020-08-05,8.729999542236328,8.600000381469727,8.850000381469727,8.539999961853027,1114500.0
2020-08-06,2020-08-06,8.729999542236328,8.770000457763672,8.829999923706055,8.319999694824219,1949200.0
2020-08-07,2020-08-07,8.510000228881836,8.5,8.640000343322754,8.260000228881836,1111500.0
2020-08-10,2020-08-10,8.529999732971191,8.605999946594238,8.654999732971191,8.449999809265137,901200.0
2020-08-11,2020-08-11,8.640000343322754,8.699999809265137,8.96500015258789,8.390000343322754,1395600.0
2020-08-12,2020-08-12,8.979999542236328,8.739999771118164,8.979999542236328,8.649999618530273,889200.0
2020-08-13,2020-08-13,8.800000190734863,9.180000305175781,9.1899995803833,8.65999984741211,1170800.0
2020-08-14,2020-08-14,8.430000305175781,8.8100004196167,8.8100004196167,8.40999984741211,1263000.0
2020-08-17,2020-08-17,8.640000343322754,8.5,8.6899995803833,8.380000114440918,1464000.0
2020-08-18,2020-08-18,8.180000305175781,8.699999809265137,8.979999542236328,8.149999618530273,2230900.0
2020-08-19,2020-08-19,7.869999885559082,8.1899995803833,8.25,7.53000020980835,3123000.0
2020-08-20,2020-08-20,8.699999809265137,7.619999885559082,8.789999961853027,7.619999885559082,5251900.0
2020-08-21,2020-08-21,8.710000038146973,8.609999656677246,9.140000343322754,8.600000381469727,3242600.0
2020-08-24,2020-08-24,8.510000228881836,8.930000305175781,8.960000038146973,8.300000190734863,2188300.0
2020-08-25,2020-08-25,8.039999961853027,8.510000228881836,8.630000114440918,7.949999809265137,5447700.0
2020-08-26,2020-08-26,7.940000057220459,8.0,8.34000015258789,7.909999847412109,1543000.0
2020-08-27,2020-08-27,7.960000038146973,7.909999847412109,8.220000267028809,7.909999847412109,1554100.0
2020-08-28,2020-08-28,7.769999980926514,7.96999979019165,8.0,7.739999771118164,1485100.0
2020-08-31,2020-08-31,7.809999942779541,7.78000020980835,8.010000228881836,7.449999809265137,4158800.0
2020-09-01,2020-09-01,7.730000019073486,7.800000190734863,7.800000190734863,7.53000020980835,3298000.0
2020-09-02,2020-09-02,7.349999904632568,7.900000095367432,7.900000095367432,7.269999980926514,2884800.0
2020-09-03,2020-09-03,6.96999979019165,7.239999771118164,7.260000228881836,6.627999782562256,2439900.0
2020-09-04,2020-09-04,7.119999885559082,7.039999961853027,7.23799991607666,6.599999904632568,1613200.0
2020-09-08,2020-09-08,7.28000020980835,6.849999904632568,7.489999771118164,6.849999904632568,1419800.0
2020-09-09,2020-09-09,6.960000038146973,7.300000190734863,7.334000110626221,6.929999828338623,1204100.0
2020-09-10,2020-09-10,6.539999961853027,6.980000019073486,7.002999782562256,6.449999809265137,1682900.0
2020-09-11,2020-09-11,6.809999942779541,6.630000114440918,6.989999771118164,6.630000114440918,1002900.0
2020-09-14,2020-09-14,7.860000133514404,7.099999904632568,8.024999618530273,6.960000038146973,2909900.0
2020-09-15,2020-09-15,7.78000020980835,7.659999847412109,8.09000015258789,7.440000057220459,2550100.0
2020-09-16,2020-09-16,7.010000228881836,7.670000076293945,7.730000019073486,6.949999809265137,4409600.0
2020-09-17,2020-09-17,6.900000095367432,6.949999809265137,7.139999866485596,6.860000133514404,2142500.0
2020-09-18,2020-09-18,6.840000152587891,6.96999979019165,6.989999771118164,6.679999828338623,1766500.0
2020-09-21,2020-09-21,6.860000133514404,6.769999980926514,6.875999927520752,6.579999923706055,1381600.0
2020-09-22,2020-09-22,6.769999980926514,6.71999979019165,7.03000020980835,6.639999866485596,1245400.0
2020-09-23,2020-09-23,6.550000190734863,6.800000190734863,6.869999885559082,6.53000020980835,955900.0
2020-09-24,2020-09-24,6.519999980926514,6.590000152587891,6.590000152587891,6.130000114440918,1652300.0
2020-09-25,2020-09-25,6.409999847412109,6.369999885559082,6.480000019073486,6.349999904632568,620500.0
2020-09-28,2020-09-28,6.25,6.5,6.590000152587891,6.199999809265137,1616000.0
2020-09-29,2020-09-29,6.099999904632568,6.239999771118164,6.28000020980835,6.039999961853027,1391900.0
2020-09-30,2020-09-30,6.849999904632568,6.119999885559082,6.9019999504089355,6.119999885559082,3024300.0
2020-10-01,2020-10-01,6.539999961853027,6.78000020980835,6.840000152587891,6.465000152587891,1597400.0
2020-10-02,2020-10-02,6.559999942779541,6.320000171661377,6.860000133514404,6.300000190734863,1289300.0
2020-10-05,2020-10-05,6.679999828338623,6.559999942779541,6.739999771118164,6.400000095367432,1145500.0
2020-10-06,2020-10-06,6.760000228881836,6.599999904632568,6.920000076293945,6.53000020980835,1029100.0
2020-10-07,2020-10-07,6.739999771118164,6.800000190734863,6.889999866485596,6.630000114440918,799200.0
2020-10-08,2020-10-08,6.78000020980835,6.840000152587891,6.889999866485596,6.659999847412109,588500.0
2020-10-09,2020-10-09,6.96999979019165,6.75,6.980000019073486,6.671000003814697,761800.0
2020-10-12,2020-10-12,7.170000076293945,7.079999923706055,7.329999923706055,7.0,1609200.0
2020-10-13,2020-10-13,7.039999961853027,7.190000057220459,7.199999809265137,6.920000076293945,896000.0
2020-10-14,2020-10-14,6.900000095367432,7.119999885559082,7.139999866485596,6.664999961853027,1177000.0
2020-10-15,2020-10-15,6.679999828338623,6.760000228881836,6.869999885559082,6.644999980926514,547600.0
2020-10-16,2020-10-16,7.110000133514404,6.849999904632568,7.159999847412109,6.769999980926514,1499300.0
2020-10-19,2020-10-19,7.179999828338623,7.070000171661377,7.389999866485596,6.960000038146973,614000.0
2020-10-20,2020-10-20,7.5,7.230000019073486,7.599999904632568,7.230000019073486,805100.0
2020-10-21,2020-10-21,7.570000171661377,7.539999961853027,7.789999961853027,7.440000057220459,751100.0
2020-10-22,2020-10-22,7.849999904632568,7.599999904632568,7.864999771118164,7.46999979019165,771600.0
2020-10-23,2020-10-23,7.820000171661377,7.889999866485596,7.889999866485596,7.659999847412109,365800.0
2020-10-26,2020-10-26,7.5,7.71999979019165,7.7769999504089355,7.400000095367432,573100.0
2020-10-27,2020-10-27,7.639999866485596,7.400000095367432,7.730000019073486,7.300000190734863,531200.0
2020-10-28,2020-10-28,7.659999847412109,7.440000057220459,7.769999980926514,7.340000152587891,736800.0
2020-10-29,2020-10-29,8.59000015258789,7.769999980926514,8.75,7.659999847412109,2673300.0
2020-10-30,2020-10-30,8.239999771118164,8.510000228881836,8.699999809265137,8.130000114440918,1100600.0
2020-11-02,2020-11-02,7.409999847412109,8.670000076293945,8.670000076293945,7.329999923706055,2945300.0
2020-11-03,2020-11-03,7.130000114440918,7.019999980926514,7.224999904632568,6.449999809265137,3000100.0
2020-11-04,2020-11-04,6.949999809265137,7.210000038146973,7.480000019073486,6.880000114440918,1654200.0
2020-11-05,2020-11-05,7.119999885559082,7.179999828338623,7.239999771118164,6.679999828338623,2584200.0
2020-11-06,2020-11-06,7.730000019073486,7.170000076293945,7.940000057220459,6.949999809265137,1730900.0
2020-11-09,2020-11-09,8.0,8.0,8.239999771118164,7.519999980926514,1427400.0
2020-11-10,2020-11-10,7.5,7.920000076293945,8.0,7.460000038146973,1457900.0
2020-11-11,2020-11-11,7.699999809265137,7.610000133514404,7.8429999351501465,7.460000038146973,624800.0
2020-11-12,2020-11-12,7.710000038146973,7.710000038146973,8.0,7.579999923706055,786100.0
2020-11-13,2020-11-13,8.079999923706055,7.809999942779541,8.170000076293945,7.78000020980835,821600.0
2020-11-16,2020-11-16,7.809999942779541,8.270000457763672,8.270000457763672,7.710000038146973,996800.0
2020-11-17,2020-11-17,7.849999904632568,7.789999961853027,8.039999961853027,7.679999828338623,459800.0
2020-11-18,2020-11-18,7.679999828338623,7.840000152587891,8.039999961853027,7.650000095367432,1033800.0
2020-11-19,2020-11-19,7.820000171661377,7.679999828338623,7.929999828338623,7.665999889373779,438900.0
2020-11-20,2020-11-20,7.889999866485596,7.900000095367432,8.390000343322754,7.800000190734863,1203200.0
2020-11-23,2020-11-23,8.300000190734863,8.0,8.390000343322754,7.909999847412109,2127100.0
2020-11-24,2020-11-24,7.269999980926514,8.229999542236328,8.329999923706055,7.164999961853027,4967400.0
2020-11-25,2020-11-25,7.059999942779541,7.400000095367432,7.409999847412109,6.96999979019165,2752800.0
2020-11-27,2020-11-27,7.420000076293945,7.150000095367432,7.579999923706055,7.099999904632568,1650100.0
2020-11-30,2020-11-30,7.46999979019165,7.570000171661377,7.599999904632568,7.190000057220459,3955900.0
2020-12-01,2020-12-01,7.269999980926514,7.449999809265137,7.5,7.239999771118164,1086500.0
2020-12-02,2020-12-02,7.269999980926514,7.210000038146973,7.329999923706055,7.050000190734863,654800.0
2020-12-03,2020-12-03,7.079999923706055,7.28000020980835,7.317999839782715,7.070000171661377,1168800.0
2020-12-04,2020-12-04,6.579999923706055,7.199999809265137,7.199999809265137,6.53000020980835,4476100.0
2020-12-07,2020-12-07,6.71999979019165,6.659999847412109,6.8379998207092285,6.630000114440918,1951800.0
2020-12-08,2020-12-08,6.699999809265137,6.75,6.829999923706055,6.599999904632568,1005700.0
2020-12-09,2020-12-09,6.510000228881836,6.679999828338623,6.739999771118164,6.349999904632568,2119600.0
2020-12-10,2020-12-10,6.460000038146973,6.449999809265137,6.489999771118164,6.300000190734863,1130400.0
2020-12-11,2020-12-11,6.880000114440918,6.510000228881836,7.130000114440918,6.510000228881836,2655600.0
2020-12-14,2020-12-14,6.670000076293945,7.019999980926514,7.199999809265137,6.630000114440918,1514900.0
2020-12-15,2020-12-15,6.639999866485596,6.699999809265137,6.75,6.519999980926514,1617900.0
2020-12-16,2020-12-16,6.599999904632568,6.590000152587891,6.650000095367432,6.519999980926514,1017700.0
2020-12-17,2020-12-17,6.519999980926514,6.619999885559082,6.670000076293945,6.480000019073486,1908900.0
2020-12-18,2020-12-18,6.539999961853027,6.550000190734863,6.659999847412109,6.510000228881836,1468400.0
2020-12-21,2020-12-21,6.300000190734863,6.510000228881836,6.53000020980835,6.28000020980835,1643400.0
2020-12-22,2020-12-22,6.440000057220459,6.449999809265137,6.590000152587891,6.340000152587891,1503800.0
2020-12-23,2020-12-23,6.739999771118164,6.489999771118164,6.789999961853027,6.429999828338623,2096400.0
2020-12-24,2020-12-24,6.590000152587891,6.760000228881836,6.829999923706055,6.570000171661377,883100.0
2020-12-28,2020-12-28,6.210000038146973,6.539999961853027,6.579999923706055,6.170000076293945,3069800.0
2020-12-29,2020-12-29,6.190000057220459,6.300000190734863,6.420000076293945,6.114999771118164,2298000.0
2020-12-30,2020-12-30,6.739999771118164,6.21999979019165,6.760000228881836,6.21999979019165,3646100.0
2020-12-31,2020-12-31,6.699999809265137,6.71999979019165,6.800000190734863,6.489999771118164,742000.0
2021-01-04,2021-01-04,6.670000076293945,6.75,6.775000095367432,6.485000133514404,1517100.0
2021-01-05,2021-01-05,7.130000114440918,6.630000114440918,7.159999847412109,6.630000114440918,1815300.0
2021-01-06,2021-01-06,6.670000076293945,7.079999923706055,7.130000114440918,6.61899995803833,1284700.0
2021-01-07,2021-01-07,6.710000038146973,6.78000020980835,6.789999961853027,6.539999961853027,1016100.0
2021-01-08,2021-01-08,7.0,6.730000019073486,7.050000190734863,6.639999866485596,1577000.0
2021-01-11,2021-01-11,6.679999828338623,6.849999904632568,6.880000114440918,6.659999847412109,1962800.0
2021-01-12,2021-01-12,6.610000133514404,6.710000038146973,6.760000228881836,6.429999828338623,2368000.0
2021-01-13,2021-01-13,6.269999980926514,6.539999961853027,6.559999942779541,6.21999979019165,3795000.0
2021-01-14,2021-01-14,6.559999942779541,6.300000190734863,6.579999923706055,6.210000038146973,2547500.0
2021-01-15,2021-01-15,6.420000076293945,6.619999885559082,6.840000152587891,6.320000171661377,2623400.0
2021-01-19,2021-01-19,6.739999771118164,6.550000190734863,6.744999885559082,6.466000080108643,2289700.0
2021-01-20,2021-01-20,6.659999847412109,6.820000171661377,6.840000152587891,6.510000228881836,2209500.0
2021-01-21,2021-01-21,6.610000133514404,6.610000133514404,6.760000228881836,6.409999847412109,3108600.0
2021-01-22,2021-01-22,6.599999904632568,6.659999847412109,6.71999979019165,6.460000038146973,1793300.0
2021-01-25,2021-01-25,7.190000057220459,7.0,8.0600004196167,6.949999809265137,12619700.0
2021-01-26,2021-01-26,7.699999809265137,7.53000020980835,7.78000020980835,7.070000171661377,5115400.0
2021-01-27,2021-01-27,7.480000019073486,7.546000003814697,7.96999979019165,7.284999847412109,3688700.0
2021-01-28,2021-01-28,7.559999942779541,7.5,7.590000152587891,7.260000228881836,2628600.0
2021-01-29,2021-01-29,7.769999980926514,7.710000038146973,8.170000076293945,7.440000057220459,5032500.0
2021-02-01,2021-02-01,8.180000305175781,7.980000019073486,8.479999542236328,7.860000133514404,3586700.0
2021-02-02,2021-02-02,8.1899995803833,8.279999732971191,8.399999618530273,7.989999771118164,1752600.0
2021-02-03,2021-02-03,9.710000038146973,8.199999809265137,9.789999961853027,8.199999809265137,6439500.0
2021-02-04,2021-02-04,9.5,9.413999557495117,9.949999809265137,9.142000198364258,3997100.0
2021-02-05,2021-02-05,9.989999771118164,9.65999984741211,10.050000190734863,9.100000381469727,3361500.0
2021-02-08,2021-02-08,9.970000267028809,10.779999732971191,11.40999984741211,9.890000343322754,5348700.0
2021-02-09,2021-02-09,10.600000381469727,10.050000190734863,10.8100004196167,9.755000114440918,3988600.0
2021-02-10,2021-02-10,11.699999809265137,10.699999809265137,11.744999885559082,10.699999809265137,5867800.0
2021-02-11,2021-02-11,12.3100004196167,11.819999694824219,12.670000076293945,11.350000381469727,3430600.0
2021-02-12,2021-02-12,13.0600004196167,12.300000190734863,13.199999809265137,11.869999885559082,2841300.0
2021-02-16,2021-02-16,14.449999809265137,13.710000038146973,14.470000267028809,13.020000457763672,3969900.0
2021-02-17,2021-02-17,13.09000015258789,14.220000267028809,14.5,13.039999961853027,3855900.0
2021-02-18,2021-02-18,13.6899995803833,12.3100004196167,14.0600004196167,12.0,3705600.0
2021-02-19,2021-02-19,15.270000457763672,14.109999656677246,15.420000076293945,13.699999809265137,4249300.0
2021-02-22,2021-02-22,12.619999885559082,14.3100004196167,14.399999618530273,12.569999694824219,5313000.0
2021-02-23,2021-02-23,12.399999618530273,11.869999885559082,12.600000381469727,11.0,4021900.0
2021-02-24,2021-02-24,11.65999984741211,11.710000038146973,12.350000381469727,11.3100004196167,2627700.0
2021-02-25,2021-02-25,11.359999656677246,11.84000015258789,12.3100004196167,11.3100004196167,2062600.0
2021-02-26,2021-02-26,11.359999656677246,11.300000190734863,11.989999771118164,11.0600004196167,2208400.0
2021-03-01,2021-03-01,12.359999656677246,12.149999618530273,12.680000305175781,12.0600004196167,1144100.0
2021-03-02,2021-03-02,11.75,12.279999732971191,12.449999809265137,11.717000007629395,937700.0
2021-03-03,2021-03-03,11.25,11.899999618530273,12.0600004196167,11.130000114440918,1591800.0
2021-03-04,2021-03-04,10.850000381469727,11.109999656677246,11.420999526977539,10.399999618530273,2391100.0
2021-03-05,2021-03-05,10.520000457763672,11.003999710083008,11.003999710083008,9.260000228881836,2858900.0
2021-03-08,2021-03-08,10.220000267028809,10.020000457763672,10.850000381469727,10.020000457763672,1253900.0
2021-03-09,2021-03-09,10.890000343322754,10.600000381469727,11.130000114440918,10.600000381469727,1559400.0
2021-03-10,2021-03-10,10.720000267028809,11.300000190734863,11.460000038146973,10.550000190734863,1525900.0
2021-03-11,2021-03-11,13.210000038146973,11.109999656677246,13.25,11.069999694824219,4386800.0
2021-03-12,2021-03-12,13.350000381469727,12.430000305175781,13.649999618530273,11.800000190734863,3043000.0
2021-03-15,2021-03-15,12.779999732971191,13.800000190734863,13.800000190734863,12.5600004196167,2064600.0
2021-03-16,2021-03-16,13.390000343322754,12.880000114440918,13.800000190734863,12.789999961853027,2294100.0
2021-03-17,2021-03-17,13.539999961853027,13.279999732971191,13.59000015258789,12.829999923706055,1152300.0
2021-03-18,2021-03-18,13.569999694824219,13.140000343322754,14.640000343322754,13.0600004196167,3191500.0
2021-03-19,2021-03-19,11.359999656677246,12.510000228881836,12.600000381469727,11.020000457763672,6822600.0
2021-03-22,2021-03-22,11.770000457763672,11.579999923706055,12.0,11.100000381469727,3539500.0
2021-03-23,2021-03-23,11.359999656677246,11.59000015258789,11.989999771118164,11.279999732971191,2803800.0
2021-03-24,2021-03-24,10.329999923706055,11.279999732971191,11.5,10.140000343322754,3087100.0
2021-03-25,2021-03-25,10.09000015258789,9.979999542236328,10.529999732971191,9.880000114440918,1939500.0
2021-03-26,2021-03-26,10.260000228881836,10.149999618530273,10.609999656677246,9.760000228881836,2433500.0
2021-03-29,2021-03-29,9.550000190734863,10.050000190734863,10.130000114440918,9.5,1472000.0
2021-03-30,2021-03-30,9.979999542236328,9.789999961853027,10.109999656677246,9.611000061035156,1251300.0
2021-03-31,2021-03-31,10.0600004196167,10.020000457763672,10.119999885559082,9.729999542236328,1383200.0
2021-04-01,2021-04-01,9.899999618530273,10.350000381469727,10.550000190734863,9.800000190734863,1269600.0
2021-04-05,2021-04-05,9.739999771118164,9.960000038146973,9.960000038146973,9.600000381469727,1149500.0
2021-04-06,2021-04-06,9.899999618530273,9.680000305175781,10.079999923706055,9.520000457763672,838700.0
2021-04-07,2021-04-07,9.289999961853027,9.770000457763672,9.90999984741211,9.270000457763672,1584600.0
2021-04-08,2021-04-08,9.670000076293945,9.399999618530273,9.765000343322754,9.399999618530273,804700.0
2021-04-09,2021-04-09,9.319999694824219,9.630000114440918,9.630000114440918,9.25,692200.0
2021-04-12,2021-04-12,9.039999961853027,9.300000190734863,9.350000381469727,8.960000038146973,919100.0
2021-04-13,2021-04-13,9.0600004196167,9.130000114440918,9.390000343322754,8.979999542236328,957200.0
2021-04-14,2021-04-14,9.199999809265137,9.170000076293945,9.329999923706055,9.069999694824219,840200.0
2021-04-15,2021-04-15,8.630000114440918,9.289999961853027,9.289999961853027,8.59000015258789,979500.0
2021-04-16,2021-04-16,8.75,8.729999542236328,8.869999885559082,8.600000381469727,652900.0
2021-04-19,2021-04-19,8.859999656677246,8.75,9.072999954223633,8.640000343322754,1051100.0
2021-04-20,2021-04-20,8.600000381469727,8.90999984741211,8.942000389099121,8.390000343322754,845100.0
