,id,company_name,update_day,year_change_percent
0,1,JG,2018,nan
1,2,JG,2019,-21.387277565102885
2,3,JG,2020,-60.882352776180916
3,4,JG,2021,22.18044718540154
4,5,FEDU,2017,nan
5,6,FEDU,2018,-10.0
6,7,FEDU,2019,-72.44444423251682
7,8,FEDU,2020,-34.274194246152184
8,9,FEDU,2021,-38.03681021976123
9,10,JD,2014,nan
10,11,JD,2015,1.3129069236420325
11,12,JD,2016,25.26998046594839
12,13,JD,2017,-11.586209001212284
13,14,JD,2018,63.41654650270808
14,15,JD,2019,-51.83770985613948
15,16,JD,2020,77.89891468272796
16,17,JD,2021,137.21448479806014
17,18,ZEPP,2018,nan
18,19,ZEPP,2019,-9.306738528850913
19,20,ZEPP,2020,22.198951237884216
20,21,ZEPP,2021,3.084829942790982
21,22,ZCMD,2020,nan
22,23,ZCMD,2021,-56.05263215683174
23,24,HLG,2015,nan
24,25,HLG,2016,28.00000508626302
25,26,HLG,2017,-23.437504035730996
26,27,HLG,2018,507.21090676458067
27,28,HLG,2019,8.290389142703436
28,29,HLG,2020,34.03682252226226
29,30,HLG,2021,0.5402878677314057
30,31,CXDC,2014,nan
31,32,CXDC,2015,4.844961383581868
32,33,CXDC,2016,-23.844731945234766
33,34,CXDC,2017,-2.9126186624346984
34,35,CXDC,2018,13.750004768371582
35,36,CXDC,2019,-65.71428840912668
36,37,CXDC,2020,14.102566453832226
37,38,CXDC,2021,-44.94381826824796
38,39,LITB,2014,nan
39,40,LITB,2015,0.6399993896484375
40,41,LITB,2016,-56.12082659456545
41,42,LITB,2017,5.434786082816421
42,43,LITB,2018,-28.865983773608868
43,44,LITB,2019,-50.724637013460516
44,45,LITB,2020,0.9803912402207475
45,46,LITB,2021,129.1262097717825
46,47,VIPS,2014,nan
47,48,VIPS,2015,0.4714518170168268
48,49,VIPS,2016,-27.215850802776973
49,50,VIPS,2017,-21.20343861073426
50,51,VIPS,2018,6.63635947487571
51,52,VIPS,2019,-56.0102297631603
52,53,VIPS,2020,176.55040464624227
53,54,VIPS,2021,92.64189831305912
54,55,SY,2019,nan
55,56,SY,2020,-27.99999930641868
56,57,SY,2021,-11.700339477548637
57,58,PBTS,2019,nan
58,59,PBTS,2020,-48.627452263690955
59,60,PBTS,2021,-12.595417485510156
60,61,CSIQ,2014,nan
61,62,CSIQ,2015,-1.0385104490679329
62,63,CSIQ,2016,19.41407286305029
63,64,CSIQ,2017,-55.21786971293041
64,65,CSIQ,2018,38.021257502680115
65,66,CSIQ,2019,-17.06160725090822
66,67,CSIQ,2020,57.42857796805246
67,68,CSIQ,2021,135.1633379222778
68,69,GDS,2016,nan
69,70,GDS,2017,-16.599998474121094
70,71,GDS,2018,170.5035857696243
71,72,GDS,2019,-3.590423249633474
72,73,GDS,2020,138.98850364246587
73,74,GDS,2021,77.20277303101479
74,75,ONE,2018,nan
75,76,ONE,2019,-23.359843771848123
76,77,ONE,2020,-13.61867944928339
77,78,ONE,2021,-45.495492528405464
78,79,SPI,2016,nan
79,80,SPI,2017,-85.0
80,81,SPI,2018,-65.55555661519368
81,82,SPI,2019,-87.38709630157398
82,83,SPI,2020,134.01534918679675
83,84,SPI,2021,316.39342660450325
84,85,BABA,2014,nan
85,86,BABA,2015,-1.1283689563041504
86,87,BABA,2016,-26.6679645270352
87,88,BABA,2017,17.15882079477832
88,89,BABA,2018,99.47773989066268
89,90,BABA,2019,-24.285713665387863
90,91,BABA,2020,62.77531028575217
91,92,BABA,2021,3.9253718775026574
92,93,JT,2017,nan
93,94,JT,2018,-19.249999523162842
94,95,JT,2019,-37.151704043269056
95,96,JT,2020,-63.300491858710096
96,97,JT,2021,-77.18120795972422
97,98,WAFU,2019,nan
98,99,WAFU,2020,-62.5
99,100,WAFU,2021,157.99999237060547
100,101,CNEY,2021,nan
101,102,GURE,2014,nan
102,103,GURE,2015,5.45454892245206
103,104,GURE,2016,43.10344685839137
104,105,GURE,2017,15.662652540490654
105,106,GURE,2018,-23.958334368136153
106,107,GURE,2019,-46.57534255523309
107,108,GURE,2020,-35.897437464947885
108,109,GURE,2021,61.599998474121094
109,110,NEW,2018,nan
110,111,NEW,2019,-66.58823630389045
111,112,NEW,2020,44.89436251697158
112,113,NEW,2021,-29.2831045519121
113,114,FINV,2017,nan
114,115,FINV,2018,-45.384616118211014
115,116,FINV,2019,-50.70422468997021
116,117,FINV,2020,-24.285711560930526
117,118,FINV,2021,-5.283022636448747
118,119,LFC,2014,nan
119,120,LFC,2015,0.8695656415764944
120,121,LFC,2016,-23.732249059117073
121,122,LFC,2017,-12.23404359876867
122,123,LFC,2018,20.98485225597804
123,124,LFC,2019,-35.56668885536929
124,125,LFC,2020,36.054422273086914
125,126,LFC,2021,-22.357143674577987
126,127,JP,2015,nan
127,128,JP,2016,-6.340056264037152
128,129,JP,2017,-9.641021337264624
129,130,JP,2018,108.39954297244357
130,131,JP,2019,-77.06971733011092
131,132,JP,2020,-66.4845605566196
132,133,JP,2021,28.27781188182887
133,134,QTT,2018,nan
134,135,QTT,2019,-32.08791682115841
135,136,QTT,2020,-44.49837925514485
136,137,QTT,2021,-51.895045363130606
137,138,SXTC,2019,nan
138,139,SXTC,2020,-82.04545444693447
139,140,SXTC,2021,-58.1012669306423
140,141,MSC,2018,nan
141,142,MSC,2019,12.592585076416604
142,143,MSC,2020,18.122014420331972
143,144,MSC,2021,-34.32911257200603
144,145,OCFT,2019,nan
145,146,OCFT,2020,1.934832382507709
146,147,OCFT,2021,93.60638079557205
147,148,SIMO,2014,nan
148,149,SIMO,2015,2.72845022348773
149,150,SIMO,2016,29.08938332892011
150,151,SIMO,2017,39.41867229477767
151,152,SIMO,2018,24.87702761353014
152,153,SIMO,2019,-36.841123050853255
153,154,SIMO,2020,49.302058781009855
154,155,SIMO,2021,-6.584446674258625
155,156,NTP,2014,nan
156,157,NTP,2015,0.4273500354724066
157,158,NTP,2016,22.765962023063903
158,159,NTP,2017,24.783359325228314
159,160,NTP,2018,72.22222148636239
160,161,NTP,2019,-32.177418498913504
161,162,NTP,2020,2.9726516591665453
162,163,NTP,2021,-36.836029023415456
163,164,SECO,2017,nan
164,165,SECO,2018,-9.027086741220337
165,166,SECO,2019,-2.2050696361022624
166,167,SECO,2020,-33.15670826027117
167,168,SECO,2021,-62.55692248697806
168,169,API,2020,nan
169,170,API,2021,-10.45939577671399
170,171,FENG,2014,nan
171,172,FENG,2015,0.0
172,173,FENG,2016,-33.975904901897366
173,174,FENG,2017,-43.0656957171583
174,175,FENG,2018,108.01282080672902
175,176,FENG,2019,-53.15870463691457
176,177,FENG,2020,-34.86841960792064
177,178,FENG,2021,-42.92929371988611
178,179,UTME,2021,nan
179,180,GRNV,2019,nan
180,181,GRNV,2020,0.30518548529022843
181,182,GRNV,2021,4.1582232795390714
182,183,HAPP,2019,nan
183,184,HAPP,2020,7.142862008542652
184,185,HAPP,2021,-63.1111118528578
185,186,AACG,2014,nan
186,187,AACG,2015,-1.196165453374621
187,188,AACG,2016,53.75302006479905
188,189,AACG,2017,-42.834643008534634
189,190,AACG,2018,28.099172142412208
190,191,AACG,2019,-80.6451622000015
191,192,AACG,2020,50.00000662273848
192,193,AACG,2021,-13.333338042836047
193,194,MDJH,2019,nan
194,195,MDJH,2020,-32.95454582399572
195,196,MDJH,2021,31.525425482193487
196,197,PLAG,2014,nan
197,198,PLAG,2015,0.0
198,199,PLAG,2016,26.373626373626372
199,200,PLAG,2017,-55.65217391304348
200,201,PLAG,2018,-66.66666666666667
201,202,PLAG,2019,-45.88235406314625
202,203,PLAG,2020,8.695654427396825
203,204,PLAG,2021,-16.40000343322754
204,205,ZGYH,2020,nan
205,206,ZGYH,2021,2.577006265464162
206,207,OIIM,2014,nan
207,208,OIIM,2015,2.1645001538883593
208,209,OIIM,2016,-40.677964475023984
209,210,OIIM,2017,32.142861096226504
210,211,OIIM,2018,-9.189193194760591
211,212,OIIM,2019,-11.90475801897145
212,213,OIIM,2020,14.864866606417648
213,214,OIIM,2021,412.9411777905527
214,215,BRLI,2020,nan
215,216,BRLI,2021,2.874750443791472
216,217,LYL,2017,nan
217,218,LYL,2018,-44.519621397742014
218,219,LYL,2019,-65.85365832383826
219,220,LYL,2020,-9.285714103251085
220,221,LYL,2021,76.3779561557613
221,222,GRCL,2021,nan
222,223,BNSO,2014,nan
223,224,BNSO,2015,8.870968827347841
224,225,BNSO,2016,-9.629629106351551
225,226,BNSO,2017,64.75409371530594
226,227,BNSO,2018,20.39801431721367
227,228,BNSO,2019,-22.727274966365247
228,229,BNSO,2020,13.368977548300958
229,230,BNSO,2021,168.86793004528604
230,231,KC,2020,nan
231,232,KC,2021,107.07616019516253
232,233,NCTY,2014,nan
233,234,NCTY,2015,-0.6578930857438567
234,235,NCTY,2016,92.7152417705484
235,236,NCTY,2017,-57.044675041113955
236,237,NCTY,2018,-56.0
237,238,NCTY,2019,-42.42424242424242
238,239,NCTY,2020,-4.210522300318668
239,240,NCTY,2021,-42.30769472613933
240,241,RYB,2017,nan
241,242,RYB,2018,-29.666670163472492
242,243,RYB,2019,-66.29146717942106
243,244,RYB,2020,-4.217930501613411
244,245,RYB,2021,-59.449539165305715
245,246,HHLA,2021,nan
246,247,KXIN,2017,nan
247,248,KXIN,2018,0.0
248,249,KXIN,2019,5.088263398703102
249,250,KXIN,2020,-87.64822120419477
250,251,KXIN,2021,192.80000686645508
251,252,QFIN,2018,nan
252,253,QFIN,2019,-13.1515156139027
253,254,QFIN,2020,-31.263081410245405
254,255,QFIN,2021,18.78171935176484
255,256,YRD,2015,nan
256,257,YRD,2016,6.586816909387238
257,258,YRD,2017,136.96630400609666
258,259,YRD,2018,107.68136045596937
259,260,YRD,2019,-76.65524986398165
260,261,YRD,2020,-44.54767858425304
261,262,YRD,2021,-44.26807683755546
262,263,DUO,2019,nan
263,264,DUO,2020,17.333333632525274
264,265,DUO,2021,-49.197861729591644
265,266,BQ,2020,nan
266,267,BQ,2021,-21.538463005652794
267,268,ATHM,2014,nan
268,269,ATHM,2015,0.27617313268931215
269,270,ATHM,2016,-13.54999118028578
270,271,ATHM,2017,-20.35679998055586
271,272,ATHM,2018,161.39999389648438
272,273,ATHM,2019,12.471310965839342
273,274,ATHM,2020,10.068029286910077
274,275,ATHM,2021,19.320144571836785
275,276,CCRC,2015,nan
276,277,CCRC,2016,48.29158147773252
277,278,CCRC,2017,161.90474097708397
278,279,CCRC,2018,0.879774384698253
279,280,CCRC,2019,-25.988378037369394
280,281,CCRC,2020,-26.04084602976303
281,282,CCRC,2021,-62.4004251067857
282,283,SNP,2014,nan
283,284,SNP,2015,-0.7180017823958377
284,285,SNP,2016,-28.241893482613257
285,286,SNP,2017,24.500438706762594
286,287,SNP,2018,4.870897124138924
287,288,SNP,2019,-7.745541312349283
288,289,SNP,2020,-13.09867001778908
289,290,SNP,2021,-26.460826688695317
290,291,BRLIU,2020,nan
291,292,BRLIU,2021,9.390604983915201
292,293,RENN,2014,nan
293,294,RENN,2015,1.6128990909022856
294,295,RENN,2016,39.68254048347555
295,296,RENN,2017,-55.397728073202885
296,297,RENN,2018,37.070062951415984
297,298,RENN,2019,-86.43122589815562
298,299,RENN,2020,-41.78082452763184
299,300,RENN,2021,78.43138336539518
300,301,JFU,2019,nan
301,302,JFU,2020,-10.157070656080982
302,303,JFU,2021,-87.76223820917302
303,304,MTC,2019,nan
304,305,MTC,2020,-66.2499996806894
305,306,MTC,2021,-24.86772656971356
306,307,FTFT,2014,nan
307,308,FTFT,2015,1.0526305882884401
308,309,FTFT,2016,-30.20833003489914
309,310,FTFT,2017,23.13432351176324
310,311,FTFT,2018,-41.2121186287059
311,312,FTFT,2019,-84.53608231585545
312,313,FTFT,2020,-25.000004967053535
313,314,FTFT,2021,260.00001059638157
314,315,TLC,2018,nan
315,316,TLC,2019,-5.172416911538982
316,317,TLC,2020,-1.8181800842285156
317,318,TLC,2021,-18.70370761193686
318,319,HGSH,2014,nan
319,320,HGSH,2015,0.7025810290949954
320,321,HGSH,2016,-62.79069877044772
321,322,HGSH,2017,15.62499976716936
322,323,HGSH,2018,-35.13513339358235
323,324,HGSH,2019,-18.333334989017846
324,325,HGSH,2020,-26.530610755402492
325,326,HGSH,2021,16.66665838824411
326,327,BEST,2017,nan
327,328,BEST,2018,-12.803109551644514
328,329,BEST,2019,-55.21690628043881
329,330,BEST,2020,37.35718277123163
330,331,BEST,2021,-65.46112307132096
331,332,CTK,2018,nan
332,333,CTK,2019,-12.445883625721216
333,334,CTK,2020,-39.30779042270523
334,335,CTK,2021,-46.43584121846562
335,336,UMC,2014,nan
336,337,UMC,2015,-1.3333320617675781
337,338,UMC,2016,-19.819822141890196
338,339,UMC,2017,-1.1235944521335182
339,340,UMC,2018,37.500005079941346
340,341,UMC,2019,-27.685952693026433
341,342,UMC,2020,53.714288984026226
342,343,UMC,2021,191.8215515855367
343,344,NIU,2018,nan
344,345,NIU,2019,-10.519313110697585
345,346,NIU,2020,26.488099187240973
346,347,NIU,2021,235.41176739860984
347,348,CHT,2014,nan
348,349,CHT,2015,-0.3062271332322311
349,350,CHT,2016,0.7849879029827418
350,351,CHT,2017,6.40026869522953
351,352,CHT,2018,13.462767152494223
352,353,CHT,2019,-2.272093516470182
353,354,CHT,2020,5.195181875326628
354,355,CHT,2021,5.4024541877255645
355,356,PME,2014,nan
356,357,PME,2015,0.0
357,358,PME,2016,-50.0
358,359,PME,2017,25.925927234121126
359,360,PME,2018,75.88234856879434
360,361,PME,2019,-31.103681063241606
361,362,PME,2020,-47.087375550706426
362,363,PME,2021,70.64219792175562
363,364,TIRX,2021,nan
364,365,JFIN,2019,nan
365,366,JFIN,2020,-53.63636450334029
366,367,JFIN,2021,-40.19607824804415
367,368,PV,2021,nan
368,369,GRCY,2020,nan
369,370,GRCY,2021,3.490761402234183
370,371,FFHL,2014,nan
371,372,FFHL,2015,6.896555622182588
372,373,FFHL,2016,17.741937654695683
373,374,FFHL,2017,-38.69863304507548
374,375,FFHL,2018,58.10055776629225
375,376,FFHL,2019,-24.734976259237666
376,377,FFHL,2020,30.51642356927593
377,378,FFHL,2021,265.10790370462166
378,379,MOXC,2014,nan
379,380,MOXC,2015,5.454545454545454
380,381,MOXC,2016,-12.931034482758621
381,382,MOXC,2017,-70.29702970297029
382,383,MOXC,2018,21.666666666666668
383,384,MOXC,2019,-90.68493124556868
384,385,MOXC,2020,23.52940268995053
385,386,MOXC,2021,-38.09523755460637
386,387,GTH,2020,nan
387,388,GTH,2021,-12.812300089606287
388,389,RCON,2014,nan
389,390,RCON,2015,0.5128200112166769
390,391,RCON,2016,-31.632652688850623
391,392,RCON,2017,-3.7313485283658054
392,393,RCON,2018,-3.1007723283626447
393,394,RCON,2019,-45.59999942779541
394,395,RCON,2020,283.82350994744536
395,396,RCON,2021,-45.21072777685262
396,397,NVVE,2020,nan
397,398,NVVE,2021,41.046288225527675
398,399,YGMZ,2020,nan
399,400,YGMZ,2021,124.23528783461627
400,401,JRJC,2014,nan
401,402,JRJC,2015,0.1893982770139272
402,403,JRJC,2016,9.640828595489081
403,404,JRJC,2017,-40.344830217032595
404,405,JRJC,2018,-22.254332934002868
405,406,JRJC,2019,-71.375464987141
406,407,JRJC,2020,10.389613124045164
407,408,JRJC,2021,-11.176468344295726
408,409,SFUN,2014,nan
409,410,SFUN,2015,4.293628808864266
410,411,SFUN,2016,-11.55378486055777
411,412,SFUN,2017,-50.750750750750754
412,413,SFUN,2018,57.31707317073171
413,414,SFUN,2019,-73.44961240310077
414,415,SFUN,2020,-58.686132500641534
415,416,SFUN,2021,-53.8869238779162
416,417,LEJU,2014,nan
417,418,LEJU,2015,1.4953257034038954
418,419,LEJU,2016,-50.64456442943973
419,420,LEJU,2017,-22.014930518333543
420,421,LEJU,2018,-66.02870776554441
421,422,LEJU,2019,-5.9859099652504915
422,423,LEJU,2020,49.06366686692636
423,424,LEJU,2021,14.572862334836728
424,425,ATIF,2019,nan
425,426,ATIF,2020,-58.36257469751515
426,427,ATIF,2021,-53.370786704976155
427,428,ZKIN,2017,nan
428,429,ZKIN,2018,33.333333333333336
429,430,ZKIN,2019,-85.87000012397766
430,431,ZKIN,2020,-9.200282828892991
431,432,ZKIN,2021,98.75292030241064
432,433,SRL,2014,nan
433,434,SRL,2015,1.4598540145985401
434,435,SRL,2016,-73.23740952306514
435,436,SRL,2017,6.451606618171474
436,437,SRL,2018,-23.131308820755653
437,438,SRL,2019,-31.800263256715024
438,439,SRL,2020,122.92870071798446
439,440,SRL,2021,-57.47622985249617
440,441,BTBT,2018,nan
441,442,BTBT,2019,34.13043922197174
442,443,BTBT,2020,-95.46191251653474
443,444,BTBT,2021,9007.142818369428
444,445,ATCO,2014,nan
445,446,ATCO,2015,0.33539058322010784
446,447,ATCO,2016,-14.763233758050445
447,448,ATCO,2017,-40.13072069790509
448,449,ATCO,2018,-25.982529227619576
449,450,ATCO,2019,12.09439040485513
450,451,ATCO,2020,83.02631607841587
451,452,ATCO,2021,-24.946084148767163
452,453,GBRG,2021,nan
453,454,CHNR,2014,nan
454,455,CHNR,2015,13.87560823833189
455,456,CHNR,2016,-42.43697735744874
456,457,CHNR,2017,66.42335499664865
457,458,CHNR,2018,12.280700653653822
458,459,CHNR,2019,-35.937499126885065
459,460,CHNR,2020,20.121954011817856
460,461,CHNR,2021,-35.02538310657952
461,462,SHI,2014,nan
462,463,SHI,2015,0.8526603090112986
463,464,SHI,2016,24.653368247424595
464,465,SHI,2017,46.473143745159184
465,466,SHI,2018,7.056857640575546
466,467,SHI,2019,-24.86159017571565
467,468,SHI,2020,-29.17338242519882
468,469,SHI,2021,-30.981796540096887
469,470,PHCF,2019,nan
470,471,PHCF,2020,-65.9110283809538
471,472,PHCF,2021,17.99999475479126
472,473,PT,2018,nan
473,474,PT,2019,-14.83050823485636
474,475,PT,2020,-82.0895530531859
475,476,PT,2021,-46.1111080940858
476,477,LXEH,2020,nan
477,478,LXEH,2021,25.190833137138508
478,479,LU,2020,nan
479,480,LU,2021,19.809687532251473
480,481,MOHO,2019,nan
481,482,MOHO,2020,-38.6002144806389
482,483,MOHO,2021,-63.212433014261464
483,484,NISN,2016,nan
484,485,NISN,2017,-19.362070828073737
485,486,NISN,2018,-50.6093666844066
486,487,NISN,2019,-64.50216393249059
487,488,NISN,2020,609.7561246862306
488,489,NISN,2021,215.97936163632156
489,490,EVK,2014,nan
490,491,EVK,2015,0.3502623606462204
491,492,EVK,2016,-61.78010384065284
492,493,EVK,2017,-4.109595901203698
493,494,EVK,2018,11.904762445393628
494,495,EVK,2019,60.42553761362675
495,496,EVK,2020,-59.68169791467853
496,497,EVK,2021,85.52631372560091
497,498,TOUR,2014,nan
498,499,TOUR,2015,-0.5852817274327048
499,500,TOUR,2016,28.02354653100376
500,501,TOUR,2017,-42.977268193614805
501,502,TOUR,2018,-12.32719048435227
502,503,TOUR,2019,-38.23916259125463
503,504,TOUR,2020,-49.57446847365637
504,505,TOUR,2021,-28.691977264725114
505,506,BNR,2020,nan
506,507,BNR,2021,2.6666683620876737
507,508,CMCM,2014,nan
508,509,CMCM,2015,1.0709558606448153
509,510,CMCM,2016,-1.9867561798409927
510,511,CMCM,2017,-36.41892076931875
511,512,CMCM,2018,26.673754193228
512,513,CMCM,2019,-50.58724975850118
513,514,CMCM,2020,-38.03055724778329
514,515,CMCM,2021,-50.68493410175966
515,516,HUYA,2018,nan
516,517,HUYA,2019,-0.8524597668256916
517,518,HUYA,2020,21.097880982327442
518,519,HUYA,2021,8.738396658316764
519,520,RETO,2017,nan
520,521,RETO,2018,-24.216869670985815
521,522,RETO,2019,-79.96820352774593
522,523,RETO,2020,-30.317458124898412
523,524,RETO,2021,-23.690204934069662
524,525,MNSO,2020,nan
525,526,MNSO,2021,22.140438682804408
526,527,UXIN,2018,nan
527,528,UXIN,2019,-52.818627737431015
528,529,UXIN,2020,-41.558440110799616
529,530,UXIN,2021,-61.7777771419949
530,531,DEH,2020,nan
531,532,DEH,2021,2.772078686945138
532,533,CCAC,2020,nan
533,534,CCAC,2021,6.871795654296875
534,535,AMBO,2018,nan
535,536,AMBO,2019,39.759037528921894
536,537,AMBO,2020,-63.793106283217256
537,538,AMBO,2021,-0.9523800873701953
538,539,DOGZ,2017,nan
539,540,DOGZ,2018,12.39999771118164
540,541,DOGZ,2019,-32.85053428671353
541,542,DOGZ,2020,-65.28697920404659
542,543,DOGZ,2021,48.091613890012226
543,544,ZTO,2016,nan
544,545,ZTO,2017,-26.545455239035867
545,546,ZTO,2018,32.01320256664291
546,547,ZTO,2019,-2.74999737739563
547,548,ZTO,2020,50.06426575690879
548,549,ZTO,2021,19.44325025271348
549,550,BEDU,2017,nan
550,551,BEDU,2018,78.67298616756446
551,552,BEDU,2019,-51.90981752289754
552,553,BEDU,2020,-5.129610815645646
553,554,BEDU,2021,-33.95349329777681
554,555,BTCM,2014,nan
555,556,BTCM,2015,-1.0247141333957543
556,557,BTCM,2016,14.616319167959238
557,558,BTCM,2017,-22.794899210507648
558,559,BTCM,2018,-29.181003778663804
559,560,BTCM,2019,-29.057335104010278
560,561,BTCM,2020,2.7397233430072485
561,562,BTCM,2021,8.666661580403646
562,563,IQ,2018,nan
563,564,IQ,2019,-7.059580495704358
564,565,IQ,2020,49.82577998926834
565,566,IQ,2021,-18.558138470317044
566,567,GBRGU,2021,nan
567,568,CO,2014,nan
568,569,CO,2015,-0.6741513316187197
569,570,CO,2016,36.877830006908745
570,571,CO,2017,-6.61157161581586
571,572,CO,2018,72.21237837171338
572,573,CO,2019,-36.89619573122418
573,574,CO,2020,-21.33550441800509
574,575,CO,2021,-22.981364650708386
575,576,DSWL,2014,nan
576,577,DSWL,2015,-1.1111100809073469
577,578,DSWL,2016,-20.224720229856946
578,579,DSWL,2017,20.42254153709302
579,580,DSWL,2018,57.89473610828386
580,581,DSWL,2019,11.481479159435004
581,582,DSWL,2020,-13.62126535314663
582,583,DSWL,2021,12.307699361496681
583,584,TKAT,2015,nan
584,585,TKAT,2016,51.35134682331412
585,586,TKAT,2017,167.8571474187229
586,587,TKAT,2018,-67.86666552225749
587,588,TKAT,2019,-70.95435837556029
588,589,TKAT,2020,-42.857141032510846
589,590,TKAT,2021,207.50000018626451
590,591,FANH,2014,nan
591,592,FANH,2015,2.009275404274274
592,593,FANH,2016,33.787879565092716
593,594,FANH,2017,-4.416764968204736
594,595,FANH,2018,155.33175720942225
595,596,FANH,2019,-0.2320150293767103
596,597,FANH,2020,19.116281908611917
597,598,FANH,2021,-53.41663404586693
598,599,ACH,2014,nan
599,600,ACH,2015,-2.1701388026553206
600,601,ACH,2016,-30.612246193172606
601,602,ACH,2017,30.818405596824192
602,603,ACH,2018,82.5024527050232
603,604,ACH,2019,-58.70380285677303
604,605,ACH,2020,14.26719035054767
605,606,ACH,2021,1.9296153748313345
606,607,SLCR,2021,nan
607,608,GHG,2018,nan
608,609,GHG,2019,-6.338024122587896
609,610,GHG,2020,-7.268169307861121
610,611,GHG,2021,13.873873053409024
611,612,YY,2014,nan
612,613,YY,2015,0.7091095033300986
613,614,YY,2016,-3.1365063954627996
614,615,YY,2017,-35.20567980893868
615,616,YY,2018,191.05047927847173
616,617,YY,2019,-49.39115226847662
617,618,YY,2020,-7.287517831249865
618,619,YY,2021,45.72442317127969
619,620,RLX,2021,nan
620,621,OCG,2020,nan
621,622,OCG,2021,-22.068968408881602
622,623,BZUN,2015,nan
623,624,BZUN,2016,-26.599998474121094
624,625,BZUN,2017,52.86103588258008
625,626,BZUN,2018,185.2940958976451
626,627,BZUN,2019,-13.120896831679842
627,628,BZUN,2020,21.431143855720766
628,629,BZUN,2021,0.38496022017478926
629,630,IFBD,2021,nan
630,631,CBAT,2014,nan
631,632,CBAT,2015,-3.278691835069327
632,633,CBAT,2016,43.502824249944574
633,634,CBAT,2017,-42.91338309210504
634,635,CBAT,2018,3.4482724601392922
635,636,CBAT,2019,-78.66666714350383
636,637,CBAT,2020,243.75001513399218
637,638,CBAT,2021,345.45454446934474
638,639,DADA,2020,nan
639,640,DADA,2021,135.4986871959459
640,641,MOGU,2018,nan
641,642,MOGU,2019,72.71157281319925
642,643,MOGU,2020,-88.94000053405762
643,644,MOGU,2021,-9.584082433335489
644,645,HOLI,2014,nan
645,646,HOLI,2015,-2.7454314876271475
646,647,HOLI,2016,-7.527794630919461
647,648,HOLI,2017,-15.58742233311075
648,649,HOLI,2018,23.17807968348673
649,650,HOLI,2019,-24.199282640055646
650,651,HOLI,2020,-2.582162619819321
651,652,HOLI,2021,-11.506028657797648
652,653,TEDU,2014,nan
653,654,TEDU,2015,-1.3611666603780703
654,655,TEDU,2016,-8.831647178049593
655,656,TEDU,2017,47.32593951837811
656,657,TEDU,2018,1.2328722383454143
657,658,TEDU,2019,-57.713125081744664
658,659,TEDU,2020,-67.5999984741211
659,660,TEDU,2021,41.23455606933612
660,661,WEI,2018,nan
661,662,WEI,2019,-8.855724641112435
662,663,WEI,2020,-68.5589501919634
663,664,WEI,2021,-55.55555831502974
664,665,GLG,2014,nan
665,666,GLG,2015,-66.77852391949658
666,667,GLG,2016,-66.66666586391048
667,668,GLG,2017,230.30302351609177
668,669,GLG,2018,9.174312247680954
669,670,GLG,2019,-75.63025051822984
670,671,GLG,2020,-2.758626189441477
671,672,GLG,2021,12.765962483567506
672,673,TC,2018,nan
673,674,TC,2019,-9.027772718741437
674,675,TC,2020,-78.01526694216933
675,676,TC,2021,-43.57639113096167
676,677,AGMH,2018,nan
677,678,AGMH,2019,513.8123633495172
678,679,AGMH,2020,-47.5156121058829
679,680,AGMH,2021,-6.50557172718343
680,681,EM,2021,nan
681,682,MARK,2014,nan
682,683,MARK,2015,9.154925951446787
683,684,MARK,2016,8.817200838782181
684,685,MARK,2017,-29.644269109932548
685,686,MARK,2018,158.70787039833718
686,687,MARK,2019,-87.40499498570266
687,688,MARK,2020,-55.172414147471144
688,689,MARK,2021,230.7692484037417
689,690,PDD,2018,nan
690,691,PDD,2019,-14.0
691,692,PDD,2020,79.06976744186046
692,693,PDD,2021,331.63634461241884
693,694,GSX,2019,nan
694,695,GSX,2020,135.96674670459421
695,696,GSX,2021,113.2158585866564
696,697,LIZI,2020,nan
697,698,LIZI,2021,-66.20345250883902
698,699,APM,2018,nan
699,700,APM,2019,18.03773844017173
700,701,APM,2020,-12.659849440195018
701,702,APM,2021,-82.06442111968347
702,703,DTSS,2018,nan
703,704,DTSS,2019,-77.99458116589963
704,705,DTSS,2020,-35.96059257940367
705,706,DTSS,2021,-26.153845095775498
706,707,SOS,2017,nan
707,708,SOS,2018,-5.322579414613785
708,709,SOS,2019,-82.79386669472343
709,710,SOS,2020,-64.35643793402802
710,711,SOS,2021,-61.11111074318119
711,712,HTHT,2014,nan
712,713,HTHT,2015,-1.1503332753285467
713,714,HTHT,2016,16.813806264966697
714,715,HTHT,2017,71.35005160521304
715,716,HTHT,2018,192.72251680076613
716,717,HTHT,2019,-24.388736607540817
717,718,HTHT,2020,46.84781963448152
718,719,HTHT,2021,10.09129108258721
719,720,TSM,2014,nan
720,721,TSM,2015,-1.4778321756988408
721,722,TSM,2016,-0.6363608620383523
722,723,TSM,2017,32.93686484245266
723,724,TSM,2018,39.09153101092301
724,725,TSM,2019,-10.93517656896184
725,726,TSM,2020,65.55555131700304
726,727,TSM,2021,85.3187915704405
727,728,MLCO,2014,nan
728,729,MLCO,2015,-6.464332844880686
729,730,MLCO,2016,-32.9962076474956
730,731,MLCO,2017,-1.2578604658081358
731,732,MLCO,2018,78.28025548510041
732,733,MLCO,2019,-39.44265487122466
733,734,MLCO,2020,46.076690940443235
734,735,MLCO,2021,-28.311793877549604
735,736,SOHU,2014,nan
736,737,SOHU,2015,0.4306150323861002
737,738,SOHU,2016,2.514124081667975
738,739,SOHU,2017,-34.23954152849267
739,740,SOHU,2018,27.059845530677986
740,741,SOHU,2019,-61.77474642679179
741,742,SOHU,2020,-32.08333115729065
742,743,SOHU,2021,37.86152280978368
743,744,JWEL,2021,nan
744,745,DXF,2014,nan
745,746,DXF,2015,-7.272727666807574
746,747,DXF,2016,-12.745093914326697
747,748,DXF,2017,-34.26966497815121
748,749,DXF,2018,33.90312883290981
749,750,DXF,2019,-61.70212711992171
750,751,DXF,2020,-41.11111273000274
751,752,DXF,2021,19.81132542293434
752,753,SLCRU,2021,nan
753,754,HIMX,2014,nan
754,755,HIMX,2015,-2.999997138977051
755,756,HIMX,2016,3.737112800250708
756,757,HIMX,2017,-24.223605464589244
757,758,HIMX,2018,64.09836697341368
758,759,HIMX,2019,-66.33366824672363
759,760,HIMX,2020,-20.474772766569668
760,761,HIMX,2021,161.56716620398933
761,762,OSN,2014,nan
762,763,OSN,2015,4.411772268178833
763,764,OSN,2016,15.492953332196088
764,765,OSN,2017,-17.886180910464326
765,766,OSN,2018,33.66336995930596
766,767,OSN,2019,-55.55555457440916
767,768,OSN,2020,149.99999006589294
768,769,OSN,2021,54.66666221618652
769,770,ITP,2014,nan
770,771,ITP,2015,1.8348605792718238
771,772,ITP,2016,29.729733212835296
772,773,ITP,2017,-20.138893717968713
773,774,ITP,2018,12.173912051945397
774,775,ITP,2019,-51.93798270522665
775,776,ITP,2020,43.548383685478214
776,777,ITP,2021,-38.20224485829565
777,778,AIH,2019,nan
778,779,AIH,2020,-13.351878032085768
779,780,AIH,2021,-22.953448217666136
780,781,BEKE,2020,nan
781,782,BEKE,2021,76.87951532826675
782,783,HUIZ,2020,nan
783,784,HUIZ,2021,-28.958334368136153
784,785,CNET,2014,nan
785,786,CNET,2015,0.8695685345193614
786,787,CNET,2016,-28.448276570804314
787,788,CNET,2017,-52.771084503470625
788,789,CNET,2018,10.204083866896262
789,790,CNET,2019,15.740736141617099
790,791,CNET,2020,-9.600000381469727
791,792,CNET,2021,17.699119338732352
792,793,TUYA,2021,nan
793,794,TANH,2015,nan
794,795,TANH,2016,-9.219858036105535
795,796,TANH,2017,-60.937499126885065
796,797,TANH,2018,26.499998569488525
797,798,TANH,2019,-32.015808377048906
798,799,TANH,2020,-4.069770423704462
799,800,TANH,2021,-21.21212296358922
800,801,HIHO,2014,nan
801,802,HIHO,2015,0.0
802,803,HIHO,2016,65.94202679462028
803,804,HIHO,2017,-29.0393001279756
804,805,HIHO,2018,27.692310626690205
805,806,HIHO,2019,-39.759037528921894
806,807,HIHO,2020,-35.59999942779541
807,808,HIHO,2021,143.47826344497517
808,809,LI,2020,nan
809,810,LI,2021,96.0927143199816
810,811,ALAC,2018,nan
811,812,ALAC,2019,0.8290147862020221
812,813,ALAC,2020,6.166499585793643
813,814,ALAC,2021,14.520813272783169
814,815,EH,2019,nan
815,816,EH,2020,-10.808576553727864
816,817,EH,2021,86.95650601269136
817,818,ICLK,2017,nan
818,819,ICLK,2018,12.5
819,820,ICLK,2019,-64.44444391462538
820,821,ICLK,2020,0.0
821,822,ICLK,2021,140.62499045394375
822,823,CLPS,2018,nan
823,824,CLPS,2019,-56.9523811340332
824,825,CLPS,2020,99.11504508801285
825,826,CLPS,2021,-34.22222137451172
826,827,IH,2020,nan
827,828,IH,2021,44.38944030726569
828,829,GIGM,2014,nan
829,830,GIGM,2015,0.0
830,831,GIGM,2016,235.555562325466
831,832,GIGM,2017,-7.284769205287714
832,833,GIGM,2018,8.214286535370121
833,834,GIGM,2019,-3.9603923000712657
834,835,GIGM,2020,-17.182130077404103
835,836,GIGM,2021,26.556010111717402
836,837,ZLAB,2017,nan
837,838,ZLAB,2018,-12.142854967609532
838,839,ZLAB,2019,6.217117391425706
839,840,ZLAB,2020,87.01036271743861
840,841,ZLAB,2021,199.55458920435618
841,842,DOYU,2019,nan
842,843,DOYU,2020,-23.636367104270242
843,844,DOYU,2021,32.26190668114738
844,845,CCM,2014,nan
845,846,CCM,2015,0.8051560455349537
846,847,CCM,2016,-24.281156584481067
847,848,CCM,2017,-4.430370705698908
848,849,CCM,2018,-24.724063401865603
849,850,CCM,2019,1.7595290694816745
850,851,CCM,2020,-25.36023363646389
851,852,CCM,2021,5.791509665572366
852,853,YJ,2019,nan
853,854,YJ,2020,-66.9402988473778
854,855,YJ,2021,-58.91647577930856
855,856,RAAS,2021,nan
856,857,CNF,2018,nan
857,858,CNF,2019,-24.929175160187906
858,859,CNF,2020,-20.754723431759118
859,860,CNF,2021,-23.571424192311614
860,861,SVM,2017,nan
861,862,SVM,2018,-15.555555387359032
862,863,SVM,2019,-22.518795405405235
863,864,SVM,2020,168.31634731187984
864,865,SVM,2021,25.135620501789607
865,866,XNET,2014,nan
866,867,XNET,2015,1.944449264326341
867,868,XNET,2016,0.0
868,869,XNET,2017,-47.683925962652346
869,870,XNET,2018,310.1562591677068
870,871,XNET,2019,-78.66666733272491
871,872,XNET,2020,39.13691478259808
872,873,XNET,2021,-37.75401139880455
873,874,WNW,2020,nan
874,875,WNW,2021,353.7619484075237
875,876,TCOM,2014,nan
876,877,TCOM,2015,-1.1620121961199372
877,878,TCOM,2016,98.05561695850726
878,879,TCOM,2017,-7.762551987226512
879,880,TCOM,2018,11.188110080072759
880,881,TCOM,2019,-41.40694397218362
881,882,TCOM,2020,31.07902887546144
882,883,TCOM,2021,-4.492751411769701
883,884,GSMG,2018,nan
884,885,GSMG,2019,1.36698329455459
885,886,GSMG,2020,6.01659650466504
886,887,GSMG,2021,-74.16829710444142
887,888,CLWT,2014,nan
888,889,CLWT,2015,0.0
889,890,CLWT,2016,10.156249854480844
890,891,CLWT,2017,25.886526111865493
891,892,CLWT,2018,-7.042253615718541
892,893,CLWT,2019,-21.21212296358922
893,894,CLWT,2020,-13.461535287326493
894,895,CLWT,2021,39.555560217963325
895,896,KNDI,2014,nan
896,897,KNDI,2015,-6.884056493730732
897,898,KNDI,2016,-21.01167846526273
898,899,KNDI,2017,-52.70935594941523
899,900,KNDI,2018,41.66666501098216
900,901,KNDI,2019,-46.91176773767562
901,902,KNDI,2020,29.085872100514635
902,903,KNDI,2021,46.781123960474496
903,904,METX,2018,nan
904,905,METX,2019,1.5706766024549275
905,906,METX,2020,5.8762954608936
906,907,METX,2021,-82.86270777005882
907,908,UCL,2020,nan
908,909,UCL,2021,-37.17646879308364
909,910,LAIX,2018,nan
910,911,LAIX,2019,-42.055334824131144
911,912,LAIX,2020,-37.2442025578248
912,913,LAIX,2021,-69.13043507556159
913,914,PTR,2014,nan
914,915,PTR,2015,-0.045367898137749205
915,916,PTR,2016,-42.151611132086465
916,917,PTR,2017,16.52542149650116
917,918,PTR,2018,-4.727275604350799
918,919,PTR,2019,-16.299122317619016
919,920,PTR,2020,-14.558350050954976
920,921,PTR,2021,-40.18580719981692
921,922,EDU,2014,nan
922,923,EDU,2015,-0.6397643223034237
923,924,EDU,2016,45.666166763104755
924,925,EDU,2017,43.86263068840305
925,926,EDU,2018,126.0694800547726
926,927,EDU,2019,-43.80553856977162
927,928,EDU,2020,130.9767434763354
928,929,EDU,2021,39.34755771419591
929,930,YI,2018,nan
930,931,YI,2019,-48.186528156040225
931,932,YI,2020,-0.33333301544189453
932,933,YI,2021,13.712377408795126
933,934,FAMI,2018,nan
934,935,FAMI,2019,-5.437352672255168
935,936,FAMI,2020,-80.2499994635582
936,937,FAMI,2021,44.30379173805706
937,938,XYF,2018,nan
938,939,XYF,2019,-63.02222357855903
939,940,XYF,2020,-58.65384585993764
940,941,XYF,2021,-63.17829394682933
941,942,YQ,2020,nan
942,943,YQ,2021,25.799999237060547
943,944,SOL,2014,nan
944,945,SOL,2015,2.962960137261285
945,946,SOL,2016,14.388489603508862
946,947,SOL,2017,-59.11949587454876
947,948,SOL,2018,-18.46153552715595
948,949,SOL,2019,-56.22641792922045
949,950,SOL,2020,17.241383917124878
950,951,SOL,2021,694.1176527305457
951,952,IMAB,2020,nan
952,953,IMAB,2021,266.7755126953125
953,954,CEA,2014,nan
954,955,CEA,2015,-2.02730562503704
955,956,CEA,2016,9.923987969527529
956,957,CEA,2017,-12.562429394945504
957,958,CEA,2018,57.95255009408944
958,959,CEA,2019,-24.895690050070687
959,960,CEA,2020,3.5185213442201966
960,961,CEA,2021,-22.43291694674096
961,962,SDH,2021,nan
962,963,ANTE,2014,nan
963,964,ANTE,2015,0.4016079638624071
964,965,ANTE,2016,118.80000305175781
965,966,ANTE,2017,-55.57587038732846
966,967,ANTE,2018,-55.55555337523012
967,968,ANTE,2019,-76.85185226066285
968,969,ANTE,2020,-21.599998474121094
969,970,ANTE,2021,142.8571498081217
970,971,GRNQ,2018,nan
971,972,GRNQ,2019,-61.35593331295057
972,973,GRNQ,2020,-87.5
973,974,GRNQ,2021,168.42105098048074
974,975,FUTU,2019,nan
975,976,FUTU,2020,-28.93052183914139
976,977,FUTU,2021,350.6853466057356
977,978,MKD,2019,nan
978,979,MKD,2020,-4.09059486948801
979,980,MKD,2021,-81.08433715212863
980,981,DSACU,2020,nan
981,982,DSACU,2021,7.4338138349984115
982,983,LLIT,2014,nan
983,984,LLIT,2015,-4.81481896833457
984,985,LLIT,2016,-22.178986305403445
985,986,LLIT,2017,-25.999999046325684
986,987,LLIT,2018,16.891891674197794
987,988,LLIT,2019,-34.104047796171685
988,989,LLIT,2020,-69.29824575162661
989,990,LLIT,2021,46.42857051625542
990,991,PUYI,2019,nan
991,992,PUYI,2020,-19.83333428700765
992,993,PUYI,2021,24.74012622405141
993,994,SGOC,2014,nan
994,995,SGOC,2015,8.064517989739157
995,996,SGOC,2016,-49.25373207356992
996,997,SGOC,2017,175.73529121733458
997,998,SGOC,2018,-72.00000127156575
998,999,SGOC,2019,-16.190472838559508
999,1000,SGOC,2020,7.954544684857372
1000,1001,SGOC,2021,36.842101960961465
1001,1002,APWC,2014,nan
1002,1003,APWC,2015,1.960782480441495
1003,1004,APWC,2016,-43.46153528732649
1004,1005,APWC,2017,84.35374050360166
1005,1006,APWC,2018,-0.3690033329333297
1006,1007,APWC,2019,-34.4444463086226
1007,1008,APWC,2020,-20.903955296920035
1008,1009,APWC,2021,57.142863224963854
1009,1010,CYD,2014,nan
1010,1011,CYD,2015,-1.3698642526479285
1011,1012,CYD,2016,-44.17734939867062
1012,1013,CYD,2017,32.631578082793354
1013,1014,CYD,2018,72.15008081805166
1014,1015,CYD,2019,-48.32355570704917
1015,1016,CYD,2020,7.866993293032021
1016,1017,CYD,2021,21.353377129212326
1017,1018,HUDI,2021,nan
1018,1019,PETZ,2017,nan
1019,1020,PETZ,2018,-6.9767454754925895
1020,1021,PETZ,2019,-89.98214287386865
1021,1022,PETZ,2020,126.55972396142889
1022,1023,PETZ,2021,37.68685774355297
1023,1024,REDU,2017,nan
1024,1025,REDU,2018,-9.187501668930054
1025,1026,REDU,2019,-47.62560032092815
1026,1027,REDU,2020,-12.614980569042793
1027,1028,REDU,2021,-9.624058004622237
1028,1029,CLNN,2018,nan
1029,1030,CLNN,2019,1.5384576259515224
1030,1031,CLNN,2020,6.363637764810804
1031,1032,CLNN,2021,-31.62393170133963
1032,1033,SINO,2014,nan
1033,1034,SINO,2015,2.7397233430072485
1034,1035,SINO,2016,-46.666666666666664
1035,1036,SINO,2017,275.0
1036,1037,SINO,2018,-14.333330790201822
1037,1038,SINO,2019,-70.03891213743123
1038,1039,SINO,2020,-41.558440110799616
1039,1040,SINO,2021,-7.111114925808376
1040,1041,NOAH,2014,nan
1041,1042,NOAH,2015,0.048568376919506925
1042,1043,NOAH,2016,24.660193347742148
1043,1044,NOAH,2017,-14.95327144452542
1044,1045,NOAH,2018,110.62270915116873
1045,1046,NOAH,2019,-10.413045468537703
1046,1047,NOAH,2020,-13.152143385966468
1047,1048,NOAH,2021,27.828999244734728
1048,1049,BYSI,2017,nan
1049,1050,BYSI,2018,75.22659418050041
1050,1051,BYSI,2019,-39.20689944563241
1051,1052,BYSI,2020,-13.499712274876323
1052,1053,BYSI,2021,-22.754100111664318
1053,1054,LEDS,2014,nan
1054,1055,LEDS,2015,2.8571446736653647
1055,1056,LEDS,2016,-62.96296361706056
1056,1057,LEDS,2017,-12.000000476837158
1057,1058,LEDS,2018,3.9772757290562484
1058,1059,LEDS,2019,-29.50820045894924
1059,1060,LEDS,2020,-23.255810944780777
1060,1061,LEDS,2021,74.24242497220256
1061,1062,ADAG,2021,nan
1062,1063,COE,2016,nan
1063,1064,COE,2017,-21.97452393732639
1064,1065,COE,2018,-17.619048885670473
1065,1066,COE,2019,-44.9215502445021
1066,1067,COE,2020,45.27735336649889
1067,1068,COE,2021,173.818391073608
1068,1069,DQ,2014,nan
1069,1070,DQ,2015,-1.0769824785642008
1070,1071,DQ,2016,-37.45967793880218
1071,1072,DQ,2017,25.789811502520497
1072,1073,DQ,2018,207.7908862511177
1073,1074,DQ,2019,-62.46461439557457
1074,1075,DQ,2020,127.15173036994759
1075,1076,DQ,2021,477.34375247382565
1076,1077,HYW,2021,nan
1077,1078,MYT,2015,nan
1078,1079,MYT,2016,-91.02564039117183
1079,1080,MYT,2017,-50.20408305594873
1080,1081,MYT,2018,47.540990814859015
1081,1082,MYT,2019,-24.07407775337299
1082,1083,MYT,2020,-26.82926474689796
1083,1084,MYT,2021,176.66665010982155
1084,1085,ACBAU,2021,nan
1085,1086,CLEU,2020,nan
1086,1087,CLEU,2021,-16.263741031531826
1087,1088,FHS,2021,nan
1088,1089,XPEV,2020,nan
1089,1090,XPEV,2021,105.09433008250362
1090,1091,JOBS,2014,nan
1091,1092,JOBS,2015,-0.4749985451071153
1092,1093,JOBS,2016,-20.325659708645794
1093,1094,JOBS,2017,18.2170550710978
1094,1095,JOBS,2018,82.891213131746
1095,1096,JOBS,2019,-2.379398745029268
1096,1097,JOBS,2020,38.73121261644538
1097,1098,JOBS,2021,-17.54512887938882
1098,1099,CREG,2014,nan
1099,1100,CREG,2015,4.166666666666667
1100,1101,CREG,2016,-52.0
1101,1102,CREG,2017,-58.888888359069824
1102,1103,CREG,2018,85.81080841617573
1103,1104,CREG,2019,-72.00000069358133
1104,1105,CREG,2020,-62.33766016619943
1105,1106,CREG,2021,63.10344356985935
1106,1107,TYHT,2016,nan
1107,1108,TYHT,2017,-46.603260760020866
1108,1109,TYHT,2018,-43.81679292987849
1109,1110,TYHT,2019,-74.04891237838757
1110,1111,TYHT,2020,2.966838782348204
1111,1112,TYHT,2021,-44.4444429477804
1112,1113,VNET,2014,nan
1113,1114,VNET,2015,-0.39036738054081216
1114,1115,VNET,2016,33.63813536057952
1115,1116,VNET,2017,-65.93352833783229
1116,1117,VNET,2018,14.34720272742653
1117,1118,VNET,2019,3.3877037394504264
1118,1119,VNET,2020,-11.893198658467227
1119,1120,VNET,2021,342.0110074504818
1120,1121,CD,2020,nan
1121,1122,CD,2021,33.28571319580078
1122,1123,CIH,2019,nan
1123,1124,CIH,2020,42.55498175301187
1124,1125,CIH,2021,-41.839759504270454
1125,1126,PLIN,2019,nan
1126,1127,PLIN,2020,-14.444446563720703
1127,1128,PLIN,2021,-76.6233766635889
1128,1129,BLCT,2020,nan
1129,1130,BLCT,2021,-50.92361664141152
1130,1131,TAL,2014,nan
1131,1132,TAL,2015,-0.2870364657753593
1132,1133,TAL,2016,62.07268171200137
1133,1134,TAL,2017,55.79483519327339
1134,1135,TAL,2018,153.0141165004335
1135,1136,TAL,2019,-13.653264260541114
1136,1137,TAL,2020,88.84540681321376
1137,1138,TAL,2021,42.23833627651393
1138,1139,BILI,2018,nan
1139,1140,BILI,2019,45.322242292561704
1140,1141,BILI,2020,38.05436243936528
1141,1142,BILI,2021,368.6528524548171
1142,1143,ZH,2021,nan
1143,1144,HCM,2016,nan
1144,1145,HCM,2017,5.1111080028392655
1145,1146,HCM,2018,167.79422920161596
1146,1147,HCM,2019,-41.36841924566971
1147,1148,HCM,2020,13.038593760179339
1148,1149,HCM,2021,27.218588822505094
1149,1150,CPHI,2014,nan
1150,1151,CPHI,2015,3.333330021964311
1151,1152,CPHI,2016,-58.06451798973916
1152,1153,CPHI,2017,84.61538726056125
1153,1154,CPHI,2018,-29.166664338360178
1154,1155,CPHI,2019,29.411762643437918
1155,1156,CPHI,2020,9.090907243657693
1156,1157,CPHI,2021,83.33333643774199
1157,1158,ASX,2014,nan
1158,1159,ASX,2015,-1.7973800446762143
1159,1160,ASX,2016,-8.985031915558729
1160,1161,ASX,2017,-7.86105749235426
1161,1162,ASX,2018,29.365079965781256
1162,1163,ASX,2019,-45.39877372401996
1163,1164,ASX,2020,55.05618173175204
1164,1165,ASX,2021,7.246378564303781
1165,1166,LGHL,2019,nan
1166,1167,LGHL,2020,4.682630374776157
1167,1168,LGHL,2021,-82.10735708513154
1168,1169,IDEX,2014,nan
1169,1170,IDEX,2015,4.188483995466052
1170,1171,IDEX,2016,-11.055277766628947
1171,1172,IDEX,2017,-33.3333355783294
1172,1173,IDEX,2018,286.44069029455505
1173,1174,IDEX,2019,-74.12280784309297
1174,1175,IDEX,2020,-32.20338580663828
1175,1176,IDEX,2021,137.49999348074206
1176,1177,CCNC,2015,nan
1177,1178,CCNC,2016,-0.42105223003186676
1178,1179,CCNC,2017,3.4883712724666665
1179,1180,CCNC,2018,-1.6343191832027852
1180,1181,CCNC,2019,-68.22430003722597
1181,1182,CCNC,2020,-31.372550852891838
1182,1183,CCNC,2021,70.47619458499157
1183,1184,MFH,2015,nan
1184,1185,MFH,2016,-51.24481404973558
1185,1186,MFH,2017,-19.78723241927776
1186,1187,MFH,2018,-73.2095486019236
1187,1188,MFH,2019,-95.01980196056547
1188,1189,MFH,2020,60.0397561779086
1189,1190,MFH,2021,88.81987172932472
1190,1191,NIO,2018,nan
1191,1192,NIO,2019,12.149534709423007
1192,1193,NIO,2020,-39.833335081736244
1193,1194,NIO,2021,1303.6010980992094
1194,1195,BGNE,2016,nan
1195,1196,BGNE,2017,9.35674753684074
1196,1197,BGNE,2018,233.72774182258348
1197,1198,BGNE,2019,33.04294440217914
1198,1199,BGNE,2020,24.569822728974202
1199,1200,BGNE,2021,56.11515018403157
1200,1201,SJ,2019,nan
1201,1202,SJ,2020,3.6772181622062665
1202,1203,SJ,2021,-13.300487473228998
1203,1204,BIDU,2014,nan
1204,1205,BIDU,2015,-2.4831591020122548
1205,1206,BIDU,2016,-18.461329349197403
1206,1207,BIDU,2017,-8.183830719709572
1207,1208,BIDU,2018,41.87672422836467
1208,1209,BIDU,2019,-33.90716266099122
1209,1210,BIDU,2020,-16.75349034115448
1210,1211,BIDU,2021,65.14214344487432
1211,1212,ZNH,2014,nan
1212,1213,ZNH,2015,-2.9003804434797864
1213,1214,ZNH,2016,50.60606208229788
1214,1215,ZNH,2017,-25.00718750788104
1215,1216,ZNH,2018,93.48409063627074
1216,1217,ZNH,2019,-40.84785879332691
1217,1218,ZNH,2020,16.342936933576233
1218,1219,ZNH,2021,-14.047210225496473
1219,1220,UPC,2021,nan
1220,1221,CAN,2019,nan
1221,1222,CAN,2020,-37.77777883741591
1222,1223,CAN,2021,10.178574667293253
1223,1224,ANPC,2020,nan
1224,1225,ANPC,2021,-45.13457272823125
1225,1226,BRQS,2015,nan
1226,1227,BRQS,2016,-0.20161751622832577
1227,1228,BRQS,2017,5.050505245112611
1228,1229,BRQS,2018,-47.9423054527248
1229,1230,BRQS,2019,-40.22903508469849
1230,1231,BRQS,2020,-44.19035969671035
1231,1232,BRQS,2021,-45.73643288048325
1232,1233,LKCO,2019,nan
1233,1234,LKCO,2020,-86.28472239468935
1234,1235,LKCO,2021,-56.645570646931446
1235,1236,XIN,2014,nan
1236,1237,XIN,2015,1.2931022522848876
1237,1238,XIN,2016,48.08511320418959
1238,1239,XIN,2017,42.5287359471774
1239,1240,XIN,2018,39.11290407863045
1240,1241,XIN,2019,-45.507247268189595
1241,1242,XIN,2020,-3.191486326155476
1242,1243,XIN,2021,-41.20879002116096
1243,1244,IMOS,2014,nan
1244,1245,IMOS,2015,1.7353617742229663
1245,1246,IMOS,2016,-20.554368517996046
1246,1247,IMOS,2017,-16.802296649963672
1247,1248,IMOS,2018,21.931036587419182
1248,1249,IMOS,2019,-5.5429837405004765
1249,1250,IMOS,2020,37.365266383495836
1250,1251,IMOS,2021,6.233654193044796
1251,1252,KRKR,2019,nan
1252,1253,KRKR,2020,-41.09698018798452
1253,1254,KRKR,2021,-60.86369561289213
1254,1255,SOGO,2017,nan
1255,1256,SOGO,2018,-11.153844686654898
1256,1257,SOGO,2019,-56.363637414517136
1257,1258,SOGO,2020,-9.722217754501902
1258,1259,SOGO,2021,78.68131370622766
1259,1260,CGA,2014,nan
1260,1261,CGA,2015,0.6756696528056335
1261,1262,CGA,2016,-2.684561324194985
1262,1263,CGA,2017,-16.551719677622998
1263,1264,CGA,2018,2.4793364003288207
1264,1265,CGA,2019,-61.2903213401739
1265,1266,CGA,2020,-51.04166977107513
1266,1267,CGA,2021,8.156029238234867
1267,1268,QLI,2021,nan
1268,1269,CSCW,2014,nan
1269,1270,CSCW,2015,0.9389661902324951
1270,1271,CSCW,2016,-65.81395433940646
1271,1272,CSCW,2017,36.054419120715544
1272,1273,CSCW,2018,110.99998950958252
1273,1274,CSCW,2019,-47.86729485633924
1274,1275,CSCW,2020,-36.36363882663816
1275,1276,CSCW,2021,-57.142854710014454
1276,1277,NTES,2014,nan
1277,1278,NTES,2015,-1.4249302022012842
1278,1279,NTES,2016,70.42849564948271
1279,1280,NTES,2017,30.637338226080317
1280,1281,NTES,2018,59.52788897024755
1281,1282,NTES,2019,-34.27133999911949
1282,1283,NTES,2020,38.69526052981268
1283,1284,NTES,2021,51.95000689428785
1284,1285,CNTB,2021,nan
1285,1286,BIMI,2014,nan
1286,1287,BIMI,2015,-2.5477757787232687
1287,1288,BIMI,2016,-43.790847687144954
1288,1289,BIMI,2017,1.1627895694091226
1289,1290,BIMI,2018,13.793103920766107
1290,1291,BIMI,2019,1529.2928288267808
1291,1292,BIMI,2020,-79.78921165481127
1292,1293,BIMI,2021,-48.466259126915546
1293,1294,HUSN,2017,nan
1294,1295,HUSN,2018,258.2608761994735
1295,1296,HUSN,2019,-98.00970879208076
1296,1297,HUSN,2020,32.92683449832551
1297,1298,HUSN,2021,225.68805904643727
1298,1299,STG,2018,nan
1299,1300,STG,2019,-70.05988160733519
1300,1301,STG,2020,-14.333335558573404
1301,1302,STG,2021,-59.14396966573436
1302,1303,GTEC,2018,nan
1303,1304,GTEC,2019,2.484469719556563
1304,1305,GTEC,2020,-49.49494754887388
1305,1306,GTEC,2021,33.19999694824219
1306,1307,QK,2019,nan
1307,1308,QK,2020,-36.69988203730331
1308,1309,QK,2021,-76.98861057270621
1309,1310,CJJD,2014,nan
1310,1311,CJJD,2015,-6.976737738815951
1311,1312,CJJD,2016,-27.083336230781228
1312,1313,CJJD,2017,-4.000002997262137
1313,1314,CJJD,2018,-26.190473318370202
1314,1315,CJJD,2019,54.83870502565211
1315,1316,CJJD,2020,-6.250000388051081
1316,1317,CJJD,2021,-43.88888793227111
1317,1318,JKS,2014,nan
1318,1319,JKS,2015,1.338329742589624
1319,1320,JKS,2016,31.27311136215522
1320,1321,JKS,2017,-38.43058367860692
1321,1322,JKS,2018,57.64706234343457
1322,1323,JKS,2019,-60.53067940910468
1323,1324,JKS,2020,137.28990615925318
1324,1325,JKS,2021,175.43161044899443
1325,1326,LX,2017,nan
1326,1327,LX,2018,1279.3103642671852
1327,1328,LX,2019,-49.64285578046526
1328,1329,LX,2020,98.55318817373538
1329,1330,LX,2021,-53.671952662109135
1330,1331,BAOS,2021,nan
1331,1332,TIGR,2019,nan
1332,1333,TIGR,2020,-57.372984048230634
1333,1334,TIGR,2021,112.7906991250454
1334,1335,AGBA,2019,nan
1335,1336,AGBA,2020,2.323237421950424
1336,1337,AGBA,2021,3.2576497529908233
1337,1338,CAAS,2014,nan
1338,1339,CAAS,2015,0.14306479555486792
1339,1340,CAAS,2016,-36.42857415335519
1340,1341,CAAS,2017,19.550570779460553
1341,1342,CAAS,2018,-11.46616755322224
1342,1343,CAAS,2019,-49.681531499700434
1343,1344,CAAS,2020,32.067521754438914
1344,1345,CAAS,2021,91.05430672297712
1345,1346,DSAC,2020,nan
1346,1347,DSAC,2021,2.1977995070511858
1347,1348,UTSI,2014,nan
1348,1349,UTSI,2015,3.690033329333297
1349,1350,UTSI,2016,-18.86120933032886
1350,1351,UTSI,2017,-14.473681045921406
1351,1352,UTSI,2018,188.71794752663962
1352,1353,UTSI,2019,-52.04262890229378
1353,1354,UTSI,2020,8.518519074501478
1354,1355,UTSI,2021,-51.877135341436144
1355,1356,BTNB,2021,nan
1356,1357,TAOP,2014,nan
1357,1358,TAOP,2015,1.4285677955264138
1358,1359,TAOP,2016,-60.28168853909089
1359,1360,TAOP,2017,-47.51773005673686
1360,1361,TAOP,2018,101.35133930561126
1361,1362,TAOP,2019,-20.805366263758806
1362,1363,TAOP,2020,-53.38983067970309
1363,1364,TAOP,2021,-16.969695480949163
1364,1365,NEWA,2017,nan
1365,1366,NEWA,2018,21.584691390933305
1366,1367,NEWA,2019,-40.89887129960955
1367,1368,NEWA,2020,-40.47528696349023
1368,1369,NEWA,2021,5.078247133837117
1369,1370,DAO,2019,nan
1370,1371,DAO,2020,12.55999755859375
1371,1372,DAO,2021,76.26154779650393
1372,1373,QH,2020,nan
1373,1374,QH,2021,-40.58333237965902
1374,1375,CANG,2018,nan
1375,1376,CANG,2019,-36.75357641894743
1376,1377,CANG,2020,20.345747522460012
1377,1378,CANG,2021,-23.20442361558896
1378,1379,KBSF,2014,nan
1379,1380,KBSF,2015,-14.117647058823529
1380,1381,KBSF,2016,-42.465753424657535
1381,1382,KBSF,2017,-86.19047649322994
1382,1383,KBSF,2018,-18.850573591266798
1383,1384,KBSF,2019,-19.546743989031935
1384,1385,KBSF,2020,-29.5774626604173
1385,1386,KBSF,2021,42.49999523162842
1386,1387,WB,2014,nan
1387,1388,WB,2015,1.2802229454440652
1388,1389,WB,2016,24.648878407996076
1389,1390,WB,2017,131.21127276353434
1390,1391,WB,2018,154.87328494319317
1391,1392,WB,2019,-47.189290167978704
1392,1393,WB,2020,-13.776249781176293
1393,1394,WB,2021,-14.780602052600212
1394,1395,WIMI,2020,nan
1395,1396,WIMI,2021,17.510638034521794
1396,1397,BHAT,2019,nan
1397,1398,BHAT,2020,-51.05916600748891
1398,1399,BHAT,2021,-56.218905502143336
1399,1400,VIOT,2018,nan
1400,1401,VIOT,2019,-15.273136249861388
1401,1402,VIOT,2020,6.5789537251491765
1402,1403,VIOT,2021,-36.04938784708151
1403,1404,AIHS,2018,nan
1404,1405,AIHS,2019,-32.25225475234797
1405,1406,AIHS,2020,-82.44680776861578
1406,1407,AIHS,2021,59.09089554439945
1407,1408,HX,2017,nan
1408,1409,HX,2018,-9.991744798130808
1409,1410,HX,2019,-80.11926674054192
1410,1411,HX,2020,-59.85233157676429
1411,1412,HX,2021,-14.94252422072519
1412,1413,QD,2017,nan
1413,1414,QD,2018,-57.50514225892303
1414,1415,QD,2019,-66.45161310170121
1415,1416,QD,2020,12.740390126169283
1416,1417,QD,2021,-71.85500988598305
1417,1418,EDTK,2020,nan
1418,1419,EDTK,2021,-34.37152118376976
1419,1420,HNP,2014,nan
1420,1421,HNP,2015,2.74327992827945
1421,1422,HNP,2016,-41.90871263637216
1422,1423,HNP,2017,-19.130433855461124
1423,1424,HNP,2018,-3.609832953182064
1424,1425,HNP,2019,-2.3107566330327396
1425,1426,HNP,2020,-17.98531714959976
1426,1427,HNP,2021,-28.19493216250648
1427,1428,TME,2018,nan
1428,1429,TME,2019,-8.654542402787643
1429,1430,TME,2020,-4.2993626099696165
1430,1431,TME,2021,57.237927610250935
1431,1432,EZGO,2021,nan
1432,1433,SEED,2014,nan
1433,1434,SEED,2015,0.0
1434,1435,SEED,2016,-6.2068939208984375
1435,1436,SEED,2017,47.79411630646997
1436,1437,SEED,2018,-57.711443588646965
1437,1438,SEED,2019,-43.529409520766315
1438,1439,SEED,2020,6.458331884609386
1439,1440,SEED,2021,166.340495128656
1440,1441,KUKE,2021,nan
1441,1442,YSG,2020,nan
1442,1443,YSG,2021,0.0
1443,1444,AEHL,2014,nan
1444,1445,AEHL,2015,-3.846150319251659
1445,1446,AEHL,2016,25.333330366346573
1446,1447,AEHL,2017,-69.68084966972685
1447,1448,AEHL,2018,-2.631583350296838
1448,1449,AEHL,2019,-23.423423100913638
1449,1450,AEHL,2020,-59.41176525586755
1450,1451,AEHL,2021,15.45894598943656
1451,1452,NFH,2018,nan
1452,1453,NFH,2019,2.083331263727694
1453,1454,NFH,2020,1.3265317541914228
1454,1455,NFH,2021,-13.393755114114379
1455,1456,MOMO,2014,nan
1456,1457,MOMO,2015,2.443204872217043
1457,1458,MOMO,2016,27.196653153753132
1458,1459,MOMO,2017,19.93420901968867
1459,1460,MOMO,2018,36.25891813676203
1460,1461,MOMO,2019,-8.01127117107059
1461,1462,MOMO,2020,49.277899522545155
1462,1463,MOMO,2021,-59.99706768218954
1463,1464,EBON,2020,nan
1464,1465,EBON,2021,74.54068753911848
